,price
2025-01-01 00:00:00,0.216
2025-01-01 00:15:00,0.216
2025-01-01 00:30:00,0.216
2025-01-01 00:45:00,0.216
2025-01-01 01:00:00,0.16
2025-01-01 01:15:00,0.16
2025-01-01 01:30:00,0.16
2025-01-01 01:45:00,0.16
2025-01-01 02:00:00,0.0
2025-01-01 02:15:00,0.0
2025-01-01 02:30:00,0.0
2025-01-01 02:45:00,0.0
2025-01-01 03:00:00,-0.001
2025-01-01 03:15:00,-0.001
2025-01-01 03:30:00,-0.001
2025-01-01 03:45:00,-0.001
2025-01-01 04:00:00,-0.001
2025-01-01 04:15:00,-0.001
2025-01-01 04:30:00,-0.001
2025-01-01 04:45:00,-0.001
2025-01-01 05:00:00,-0.006
2025-01-01 05:15:00,-0.006
2025-01-01 05:30:00,-0.006
2025-01-01 05:45:00,-0.006
2025-01-01 06:00:00,-0.009
2025-01-01 06:15:00,-0.009
2025-01-01 06:30:00,-0.009
2025-01-01 06:45:00,-0.009
2025-01-01 07:00:00,-0.001
2025-01-01 07:15:00,-0.001
2025-01-01 07:30:00,-0.001
2025-01-01 07:45:00,-0.001
2025-01-01 08:00:00,-0.001
2025-01-01 08:15:00,-0.001
2025-01-01 08:30:00,-0.001
2025-01-01 08:45:00,-0.001
2025-01-01 09:00:00,-0.004
2025-01-01 09:15:00,-0.004
2025-01-01 09:30:00,-0.004
2025-01-01 09:45:00,-0.004
2025-01-01 10:00:00,-0.003
2025-01-01 10:15:00,-0.003
2025-01-01 10:30:00,-0.003
2025-01-01 10:45:00,-0.003
2025-01-01 11:00:00,-0.01
2025-01-01 11:15:00,-0.01
2025-01-01 11:30:00,-0.01
2025-01-01 11:45:00,-0.01
2025-01-01 12:00:00,-0.005
2025-01-01 12:15:00,-0.005
2025-01-01 12:30:00,-0.005
2025-01-01 12:45:00,-0.005
2025-01-01 13:00:00,-0.01
2025-01-01 13:15:00,-0.01
2025-01-01 13:30:00,-0.01
2025-01-01 13:45:00,-0.01
2025-01-01 14:00:00,-0.101
2025-01-01 14:15:00,-0.101
2025-01-01 14:30:00,-0.101
2025-01-01 14:45:00,-0.101
2025-01-01 15:00:00,-0.001
2025-01-01 15:15:00,-0.001
2025-01-01 15:30:00,-0.001
2025-01-01 15:45:00,-0.001
2025-01-01 16:00:00,-0.001
2025-01-01 16:15:00,-0.001
2025-01-01 16:30:00,-0.001
2025-01-01 16:45:00,-0.001
2025-01-01 17:00:00,0.007
2025-01-01 17:15:00,0.007
2025-01-01 17:30:00,0.007
2025-01-01 17:45:00,0.007
2025-01-01 18:00:00,0.101
2025-01-01 18:15:00,0.101
2025-01-01 18:30:00,0.101
2025-01-01 18:45:00,0.101
2025-01-01 19:00:00,0.148
2025-01-01 19:15:00,0.148
2025-01-01 19:30:00,0.148
2025-01-01 19:45:00,0.148
2025-01-01 20:00:00,0.1
2025-01-01 20:15:00,0.1
2025-01-01 20:30:00,0.1
2025-01-01 20:45:00,0.1
2025-01-01 21:00:00,0.007
2025-01-01 21:15:00,0.007
2025-01-01 21:30:00,0.007
2025-01-01 21:45:00,0.007
2025-01-01 22:00:00,1.005
2025-01-01 22:15:00,1.005
2025-01-01 22:30:00,1.005
2025-01-01 22:45:00,1.005
2025-01-01 23:00:00,0.701
2025-01-01 23:15:00,0.701
2025-01-01 23:30:00,0.701
2025-01-01 23:45:00,0.701
2025-01-02 00:00:00,0.255
2025-01-02 00:15:00,0.255
2025-01-02 00:30:00,0.255
2025-01-02 00:45:00,0.255
2025-01-02 01:00:00,0.156
2025-01-02 01:15:00,0.156
2025-01-02 01:30:00,0.156
2025-01-02 01:45:00,0.156
2025-01-02 02:00:00,0.345
2025-01-02 02:15:00,0.345
2025-01-02 02:30:00,0.345
2025-01-02 02:45:00,0.345
2025-01-02 03:00:00,0.702
2025-01-02 03:15:00,0.702
2025-01-02 03:30:00,0.702
2025-01-02 03:45:00,0.702
2025-01-02 04:00:00,1.275
2025-01-02 04:15:00,1.275
2025-01-02 04:30:00,1.275
2025-01-02 04:45:00,1.275
2025-01-02 05:00:00,3.007
2025-01-02 05:15:00,3.007
2025-01-02 05:30:00,3.007
2025-01-02 05:45:00,3.007
2025-01-02 06:00:00,6.713
2025-01-02 06:15:00,6.713
2025-01-02 06:30:00,6.713
2025-01-02 06:45:00,6.713
2025-01-02 07:00:00,9.883
2025-01-02 07:15:00,9.883
2025-01-02 07:30:00,9.883
2025-01-02 07:45:00,9.883
2025-01-02 08:00:00,12.153
2025-01-02 08:15:00,12.153
2025-01-02 08:30:00,12.153
2025-01-02 08:45:00,12.153
2025-01-02 09:00:00,12.723
2025-01-02 09:15:00,12.723
2025-01-02 09:30:00,12.723
2025-01-02 09:45:00,12.723
2025-01-02 10:00:00,12.635
2025-01-02 10:15:00,12.635
2025-01-02 10:30:00,12.635
2025-01-02 10:45:00,12.635
2025-01-02 11:00:00,11.997
2025-01-02 11:15:00,11.997
2025-01-02 11:30:00,11.997
2025-01-02 11:45:00,11.997
2025-01-02 12:00:00,11.595
2025-01-02 12:15:00,11.595
2025-01-02 12:30:00,11.595
2025-01-02 12:45:00,11.595
2025-01-02 13:00:00,11.39
2025-01-02 13:15:00,11.39
2025-01-02 13:30:00,11.39
2025-01-02 13:45:00,11.39
2025-01-02 14:00:00,12.221
2025-01-02 14:15:00,12.221
2025-01-02 14:30:00,12.221
2025-01-02 14:45:00,12.221
2025-01-02 15:00:00,13.011
2025-01-02 15:15:00,13.011
2025-01-02 15:30:00,13.011
2025-01-02 15:45:00,13.011
2025-01-02 16:00:00,13.859
2025-01-02 16:15:00,13.859
2025-01-02 16:30:00,13.859
2025-01-02 16:45:00,13.859
2025-01-02 17:00:00,15.287
2025-01-02 17:15:00,15.287
2025-01-02 17:30:00,15.287
2025-01-02 17:45:00,15.287
2025-01-02 18:00:00,15.294
2025-01-02 18:15:00,15.294
2025-01-02 18:30:00,15.294
2025-01-02 18:45:00,15.294
2025-01-02 19:00:00,13.915
2025-01-02 19:15:00,13.915
2025-01-02 19:30:00,13.915
2025-01-02 19:45:00,13.915
2025-01-02 20:00:00,13.0
2025-01-02 20:15:00,13.0
2025-01-02 20:30:00,13.0
2025-01-02 20:45:00,13.0
2025-01-02 21:00:00,11.978
2025-01-02 21:15:00,11.978
2025-01-02 21:30:00,11.978
2025-01-02 21:45:00,11.978
2025-01-02 22:00:00,11.342
2025-01-02 22:15:00,11.342
2025-01-02 22:30:00,11.342
2025-01-02 22:45:00,11.342
2025-01-02 23:00:00,8.247
2025-01-02 23:15:00,8.247
2025-01-02 23:30:00,8.247
2025-01-02 23:45:00,8.247
2025-01-03 00:00:00,9.956
2025-01-03 00:15:00,9.956
2025-01-03 00:30:00,9.956
2025-01-03 00:45:00,9.956
2025-01-03 01:00:00,8.753
2025-01-03 01:15:00,8.753
2025-01-03 01:30:00,8.753
2025-01-03 01:45:00,8.753
2025-01-03 02:00:00,8.501
2025-01-03 02:15:00,8.501
2025-01-03 02:30:00,8.501
2025-01-03 02:45:00,8.501
2025-01-03 03:00:00,8.379
2025-01-03 03:15:00,8.379
2025-01-03 03:30:00,8.379
2025-01-03 03:45:00,8.379
2025-01-03 04:00:00,7.75
2025-01-03 04:15:00,7.75
2025-01-03 04:30:00,7.75
2025-01-03 04:45:00,7.75
2025-01-03 05:00:00,7.988
2025-01-03 05:15:00,7.988
2025-01-03 05:30:00,7.988
2025-01-03 05:45:00,7.988
2025-01-03 06:00:00,8.356
2025-01-03 06:15:00,8.356
2025-01-03 06:30:00,8.356
2025-01-03 06:45:00,8.356
2025-01-03 07:00:00,7.843
2025-01-03 07:15:00,7.843
2025-01-03 07:30:00,7.843
2025-01-03 07:45:00,7.843
2025-01-03 08:00:00,8.257
2025-01-03 08:15:00,8.257
2025-01-03 08:30:00,8.257
2025-01-03 08:45:00,8.257
2025-01-03 09:00:00,8.076
2025-01-03 09:15:00,8.076
2025-01-03 09:30:00,8.076
2025-01-03 09:45:00,8.076
2025-01-03 10:00:00,7.764
2025-01-03 10:15:00,7.764
2025-01-03 10:30:00,7.764
2025-01-03 10:45:00,7.764
2025-01-03 11:00:00,7.048
2025-01-03 11:15:00,7.048
2025-01-03 11:30:00,7.048
2025-01-03 11:45:00,7.048
2025-01-03 12:00:00,6.994
2025-01-03 12:15:00,6.994
2025-01-03 12:30:00,6.994
2025-01-03 12:45:00,6.994
2025-01-03 13:00:00,7.78
2025-01-03 13:15:00,7.78
2025-01-03 13:30:00,7.78
2025-01-03 13:45:00,7.78
2025-01-03 14:00:00,7.881
2025-01-03 14:15:00,7.881
2025-01-03 14:30:00,7.881
2025-01-03 14:45:00,7.881
2025-01-03 15:00:00,8.529
2025-01-03 15:15:00,8.529
2025-01-03 15:30:00,8.529
2025-01-03 15:45:00,8.529
2025-01-03 16:00:00,10.551
2025-01-03 16:15:00,10.551
2025-01-03 16:30:00,10.551
2025-01-03 16:45:00,10.551
2025-01-03 17:00:00,11.666
2025-01-03 17:15:00,11.666
2025-01-03 17:30:00,11.666
2025-01-03 17:45:00,11.666
2025-01-03 18:00:00,11.506
2025-01-03 18:15:00,11.506
2025-01-03 18:30:00,11.506
2025-01-03 18:45:00,11.506
2025-01-03 19:00:00,11.491
2025-01-03 19:15:00,11.491
2025-01-03 19:30:00,11.491
2025-01-03 19:45:00,11.491
2025-01-03 20:00:00,11.33
2025-01-03 20:15:00,11.33
2025-01-03 20:30:00,11.33
2025-01-03 20:45:00,11.33
2025-01-03 21:00:00,10.78
2025-01-03 21:15:00,10.78
2025-01-03 21:30:00,10.78
2025-01-03 21:45:00,10.78
2025-01-03 22:00:00,9.822
2025-01-03 22:15:00,9.822
2025-01-03 22:30:00,9.822
2025-01-03 22:45:00,9.822
2025-01-03 23:00:00,8.857
2025-01-03 23:15:00,8.857
2025-01-03 23:30:00,8.857
2025-01-03 23:45:00,8.857
2025-01-04 00:00:00,9.043
2025-01-04 00:15:00,9.043
2025-01-04 00:30:00,9.043
2025-01-04 00:45:00,9.043
2025-01-04 01:00:00,9.029
2025-01-04 01:15:00,9.029
2025-01-04 01:30:00,9.029
2025-01-04 01:45:00,9.029
2025-01-04 02:00:00,9.02
2025-01-04 02:15:00,9.02
2025-01-04 02:30:00,9.02
2025-01-04 02:45:00,9.02
2025-01-04 03:00:00,9.152
2025-01-04 03:15:00,9.152
2025-01-04 03:30:00,9.152
2025-01-04 03:45:00,9.152
2025-01-04 04:00:00,9.595
2025-01-04 04:15:00,9.595
2025-01-04 04:30:00,9.595
2025-01-04 04:45:00,9.595
2025-01-04 05:00:00,10.211
2025-01-04 05:15:00,10.211
2025-01-04 05:30:00,10.211
2025-01-04 05:45:00,10.211
2025-01-04 06:00:00,11.066
2025-01-04 06:15:00,11.066
2025-01-04 06:30:00,11.066
2025-01-04 06:45:00,11.066
2025-01-04 07:00:00,11.996
2025-01-04 07:15:00,11.996
2025-01-04 07:30:00,11.996
2025-01-04 07:45:00,11.996
2025-01-04 08:00:00,12.839
2025-01-04 08:15:00,12.839
2025-01-04 08:30:00,12.839
2025-01-04 08:45:00,12.839
2025-01-04 09:00:00,13.075
2025-01-04 09:15:00,13.075
2025-01-04 09:30:00,13.075
2025-01-04 09:45:00,13.075
2025-01-04 10:00:00,13.034
2025-01-04 10:15:00,13.034
2025-01-04 10:30:00,13.034
2025-01-04 10:45:00,13.034
2025-01-04 11:00:00,12.829
2025-01-04 11:15:00,12.829
2025-01-04 11:30:00,12.829
2025-01-04 11:45:00,12.829
2025-01-04 12:00:00,13.003
2025-01-04 12:15:00,13.003
2025-01-04 12:30:00,13.003
2025-01-04 12:45:00,13.003
2025-01-04 13:00:00,12.985
2025-01-04 13:15:00,12.985
2025-01-04 13:30:00,12.985
2025-01-04 13:45:00,12.985
2025-01-04 14:00:00,13.64
2025-01-04 14:15:00,13.64
2025-01-04 14:30:00,13.64
2025-01-04 14:45:00,13.64
2025-01-04 15:00:00,13.872
2025-01-04 15:15:00,13.872
2025-01-04 15:30:00,13.872
2025-01-04 15:45:00,13.872
2025-01-04 16:00:00,14.2
2025-01-04 16:15:00,14.2
2025-01-04 16:30:00,14.2
2025-01-04 16:45:00,14.2
2025-01-04 17:00:00,15.124
2025-01-04 17:15:00,15.124
2025-01-04 17:30:00,15.124
2025-01-04 17:45:00,15.124
2025-01-04 18:00:00,14.385
2025-01-04 18:15:00,14.385
2025-01-04 18:30:00,14.385
2025-01-04 18:45:00,14.385
2025-01-04 19:00:00,13.796
2025-01-04 19:15:00,13.796
2025-01-04 19:30:00,13.796
2025-01-04 19:45:00,13.796
2025-01-04 20:00:00,12.949
2025-01-04 20:15:00,12.949
2025-01-04 20:30:00,12.949
2025-01-04 20:45:00,12.949
2025-01-04 21:00:00,12.283
2025-01-04 21:15:00,12.283
2025-01-04 21:30:00,12.283
2025-01-04 21:45:00,12.283
2025-01-04 22:00:00,11.829
2025-01-04 22:15:00,11.829
2025-01-04 22:30:00,11.829
2025-01-04 22:45:00,11.829
2025-01-04 23:00:00,10.949
2025-01-04 23:15:00,10.949
2025-01-04 23:30:00,10.949
2025-01-04 23:45:00,10.949
2025-01-05 00:00:00,11.384
2025-01-05 00:15:00,11.384
2025-01-05 00:30:00,11.384
2025-01-05 00:45:00,11.384
2025-01-05 01:00:00,10.033
2025-01-05 01:15:00,10.033
2025-01-05 01:30:00,10.033
2025-01-05 01:45:00,10.033
2025-01-05 02:00:00,9.361
2025-01-05 02:15:00,9.361
2025-01-05 02:30:00,9.361
2025-01-05 02:45:00,9.361
2025-01-05 03:00:00,9.387
2025-01-05 03:15:00,9.387
2025-01-05 03:30:00,9.387
2025-01-05 03:45:00,9.387
2025-01-05 04:00:00,8.938
2025-01-05 04:15:00,8.938
2025-01-05 04:30:00,8.938
2025-01-05 04:45:00,8.938
2025-01-05 05:00:00,8.355
2025-01-05 05:15:00,8.355
2025-01-05 05:30:00,8.355
2025-01-05 05:45:00,8.355
2025-01-05 06:00:00,8.392
2025-01-05 06:15:00,8.392
2025-01-05 06:30:00,8.392
2025-01-05 06:45:00,8.392
2025-01-05 07:00:00,8.253
2025-01-05 07:15:00,8.253
2025-01-05 07:30:00,8.253
2025-01-05 07:45:00,8.253
2025-01-05 08:00:00,8.405
2025-01-05 08:15:00,8.405
2025-01-05 08:30:00,8.405
2025-01-05 08:45:00,8.405
2025-01-05 09:00:00,8.915
2025-01-05 09:15:00,8.915
2025-01-05 09:30:00,8.915
2025-01-05 09:45:00,8.915
2025-01-05 10:00:00,8.295
2025-01-05 10:15:00,8.295
2025-01-05 10:30:00,8.295
2025-01-05 10:45:00,8.295
2025-01-05 11:00:00,8.882
2025-01-05 11:15:00,8.882
2025-01-05 11:30:00,8.882
2025-01-05 11:45:00,8.882
2025-01-05 12:00:00,8.166
2025-01-05 12:15:00,8.166
2025-01-05 12:30:00,8.166
2025-01-05 12:45:00,8.166
2025-01-05 13:00:00,7.839
2025-01-05 13:15:00,7.839
2025-01-05 13:30:00,7.839
2025-01-05 13:45:00,7.839
2025-01-05 14:00:00,6.8
2025-01-05 14:15:00,6.8
2025-01-05 14:30:00,6.8
2025-01-05 14:45:00,6.8
2025-01-05 15:00:00,5.064
2025-01-05 15:15:00,5.064
2025-01-05 15:30:00,5.064
2025-01-05 15:45:00,5.064
2025-01-05 16:00:00,4.991
2025-01-05 16:15:00,4.991
2025-01-05 16:30:00,4.991
2025-01-05 16:45:00,4.991
2025-01-05 17:00:00,6.63
2025-01-05 17:15:00,6.63
2025-01-05 17:30:00,6.63
2025-01-05 17:45:00,6.63
2025-01-05 18:00:00,6.505
2025-01-05 18:15:00,6.505
2025-01-05 18:30:00,6.505
2025-01-05 18:45:00,6.505
2025-01-05 19:00:00,5.128
2025-01-05 19:15:00,5.128
2025-01-05 19:30:00,5.128
2025-01-05 19:45:00,5.128
2025-01-05 20:00:00,3.685
2025-01-05 20:15:00,3.685
2025-01-05 20:30:00,3.685
2025-01-05 20:45:00,3.685
2025-01-05 21:00:00,3.68
2025-01-05 21:15:00,3.68
2025-01-05 21:30:00,3.68
2025-01-05 21:45:00,3.68
2025-01-05 22:00:00,3.468
2025-01-05 22:15:00,3.468
2025-01-05 22:30:00,3.468
2025-01-05 22:45:00,3.468
2025-01-05 23:00:00,2.814
2025-01-05 23:15:00,2.814
2025-01-05 23:30:00,2.814
2025-01-05 23:45:00,2.814
2025-01-06 00:00:00,2.752
2025-01-06 00:15:00,2.752
2025-01-06 00:30:00,2.752
2025-01-06 00:45:00,2.752
2025-01-06 01:00:00,1.926
2025-01-06 01:15:00,1.926
2025-01-06 01:30:00,1.926
2025-01-06 01:45:00,1.926
2025-01-06 02:00:00,1.135
2025-01-06 02:15:00,1.135
2025-01-06 02:30:00,1.135
2025-01-06 02:45:00,1.135
2025-01-06 03:00:00,0.92
2025-01-06 03:15:00,0.92
2025-01-06 03:30:00,0.92
2025-01-06 03:45:00,0.92
2025-01-06 04:00:00,1.0
2025-01-06 04:15:00,1.0
2025-01-06 04:30:00,1.0
2025-01-06 04:45:00,1.0
2025-01-06 05:00:00,1.481
2025-01-06 05:15:00,1.481
2025-01-06 05:30:00,1.481
2025-01-06 05:45:00,1.481
2025-01-06 06:00:00,2.382
2025-01-06 06:15:00,2.382
2025-01-06 06:30:00,2.382
2025-01-06 06:45:00,2.382
2025-01-06 07:00:00,3.172
2025-01-06 07:15:00,3.172
2025-01-06 07:30:00,3.172
2025-01-06 07:45:00,3.172
2025-01-06 08:00:00,4.137
2025-01-06 08:15:00,4.137
2025-01-06 08:30:00,4.137
2025-01-06 08:45:00,4.137
2025-01-06 09:00:00,3.636
2025-01-06 09:15:00,3.636
2025-01-06 09:30:00,3.636
2025-01-06 09:45:00,3.636
2025-01-06 10:00:00,3.469
2025-01-06 10:15:00,3.469
2025-01-06 10:30:00,3.469
2025-01-06 10:45:00,3.469
2025-01-06 11:00:00,3.283
2025-01-06 11:15:00,3.283
2025-01-06 11:30:00,3.283
2025-01-06 11:45:00,3.283
2025-01-06 12:00:00,3.128
2025-01-06 12:15:00,3.128
2025-01-06 12:30:00,3.128
2025-01-06 12:45:00,3.128
2025-01-06 13:00:00,2.86
2025-01-06 13:15:00,2.86
2025-01-06 13:30:00,2.86
2025-01-06 13:45:00,2.86
2025-01-06 14:00:00,2.561
2025-01-06 14:15:00,2.561
2025-01-06 14:30:00,2.561
2025-01-06 14:45:00,2.561
2025-01-06 15:00:00,2.632
2025-01-06 15:15:00,2.632
2025-01-06 15:30:00,2.632
2025-01-06 15:45:00,2.632
2025-01-06 16:00:00,2.687
2025-01-06 16:15:00,2.687
2025-01-06 16:30:00,2.687
2025-01-06 16:45:00,2.687
2025-01-06 17:00:00,3.166
2025-01-06 17:15:00,3.166
2025-01-06 17:30:00,3.166
2025-01-06 17:45:00,3.166
2025-01-06 18:00:00,3.158
2025-01-06 18:15:00,3.158
2025-01-06 18:30:00,3.158
2025-01-06 18:45:00,3.158
2025-01-06 19:00:00,2.874
2025-01-06 19:15:00,2.874
2025-01-06 19:30:00,2.874
2025-01-06 19:45:00,2.874
2025-01-06 20:00:00,2.659
2025-01-06 20:15:00,2.659
2025-01-06 20:30:00,2.659
2025-01-06 20:45:00,2.659
2025-01-06 21:00:00,1.382
2025-01-06 21:15:00,1.382
2025-01-06 21:30:00,1.382
2025-01-06 21:45:00,1.382
2025-01-06 22:00:00,2.694
2025-01-06 22:15:00,2.694
2025-01-06 22:30:00,2.694
2025-01-06 22:45:00,2.694
2025-01-06 23:00:00,1.299
2025-01-06 23:15:00,1.299
2025-01-06 23:30:00,1.299
2025-01-06 23:45:00,1.299
2025-01-07 00:00:00,1.907
2025-01-07 00:15:00,1.907
2025-01-07 00:30:00,1.907
2025-01-07 00:45:00,1.907
2025-01-07 01:00:00,0.871
2025-01-07 01:15:00,0.871
2025-01-07 01:30:00,0.871
2025-01-07 01:45:00,0.871
2025-01-07 02:00:00,0.89
2025-01-07 02:15:00,0.89
2025-01-07 02:30:00,0.89
2025-01-07 02:45:00,0.89
2025-01-07 03:00:00,0.501
2025-01-07 03:15:00,0.501
2025-01-07 03:30:00,0.501
2025-01-07 03:45:00,0.501
2025-01-07 04:00:00,0.513
2025-01-07 04:15:00,0.513
2025-01-07 04:30:00,0.513
2025-01-07 04:45:00,0.513
2025-01-07 05:00:00,0.58
2025-01-07 05:15:00,0.58
2025-01-07 05:30:00,0.58
2025-01-07 05:45:00,0.58
2025-01-07 06:00:00,4.886
2025-01-07 06:15:00,4.886
2025-01-07 06:30:00,4.886
2025-01-07 06:45:00,4.886
2025-01-07 07:00:00,7.683
2025-01-07 07:15:00,7.683
2025-01-07 07:30:00,7.683
2025-01-07 07:45:00,7.683
2025-01-07 08:00:00,8.508
2025-01-07 08:15:00,8.508
2025-01-07 08:30:00,8.508
2025-01-07 08:45:00,8.508
2025-01-07 09:00:00,8.424
2025-01-07 09:15:00,8.424
2025-01-07 09:30:00,8.424
2025-01-07 09:45:00,8.424
2025-01-07 10:00:00,7.525
2025-01-07 10:15:00,7.525
2025-01-07 10:30:00,7.525
2025-01-07 10:45:00,7.525
2025-01-07 11:00:00,6.28
2025-01-07 11:15:00,6.28
2025-01-07 11:30:00,6.28
2025-01-07 11:45:00,6.28
2025-01-07 12:00:00,6.244
2025-01-07 12:15:00,6.244
2025-01-07 12:30:00,6.244
2025-01-07 12:45:00,6.244
2025-01-07 13:00:00,6.39
2025-01-07 13:15:00,6.39
2025-01-07 13:30:00,6.39
2025-01-07 13:45:00,6.39
2025-01-07 14:00:00,7.256
2025-01-07 14:15:00,7.256
2025-01-07 14:30:00,7.256
2025-01-07 14:45:00,7.256
2025-01-07 15:00:00,7.811
2025-01-07 15:15:00,7.811
2025-01-07 15:30:00,7.811
2025-01-07 15:45:00,7.811
2025-01-07 16:00:00,7.998
2025-01-07 16:15:00,7.998
2025-01-07 16:30:00,7.998
2025-01-07 16:45:00,7.998
2025-01-07 17:00:00,9.603
2025-01-07 17:15:00,9.603
2025-01-07 17:30:00,9.603
2025-01-07 17:45:00,9.603
2025-01-07 18:00:00,10.111
2025-01-07 18:15:00,10.111
2025-01-07 18:30:00,10.111
2025-01-07 18:45:00,10.111
2025-01-07 19:00:00,8.621
2025-01-07 19:15:00,8.621
2025-01-07 19:30:00,8.621
2025-01-07 19:45:00,8.621
2025-01-07 20:00:00,7.801
2025-01-07 20:15:00,7.801
2025-01-07 20:30:00,7.801
2025-01-07 20:45:00,7.801
2025-01-07 21:00:00,7.245
2025-01-07 21:15:00,7.245
2025-01-07 21:30:00,7.245
2025-01-07 21:45:00,7.245
2025-01-07 22:00:00,7.245
2025-01-07 22:15:00,7.245
2025-01-07 22:30:00,7.245
2025-01-07 22:45:00,7.245
2025-01-07 23:00:00,5.004
2025-01-07 23:15:00,5.004
2025-01-07 23:30:00,5.004
2025-01-07 23:45:00,5.004
2025-01-08 00:00:00,7.105
2025-01-08 00:15:00,7.105
2025-01-08 00:30:00,7.105
2025-01-08 00:45:00,7.105
2025-01-08 01:00:00,6.801
2025-01-08 01:15:00,6.801
2025-01-08 01:30:00,6.801
2025-01-08 01:45:00,6.801
2025-01-08 02:00:00,6.334
2025-01-08 02:15:00,6.334
2025-01-08 02:30:00,6.334
2025-01-08 02:45:00,6.334
2025-01-08 03:00:00,5.701
2025-01-08 03:15:00,5.701
2025-01-08 03:30:00,5.701
2025-01-08 03:45:00,5.701
2025-01-08 04:00:00,6.629
2025-01-08 04:15:00,6.629
2025-01-08 04:30:00,6.629
2025-01-08 04:45:00,6.629
2025-01-08 05:00:00,7.207
2025-01-08 05:15:00,7.207
2025-01-08 05:30:00,7.207
2025-01-08 05:45:00,7.207
2025-01-08 06:00:00,8.27
2025-01-08 06:15:00,8.27
2025-01-08 06:30:00,8.27
2025-01-08 06:45:00,8.27
2025-01-08 07:00:00,10.073
2025-01-08 07:15:00,10.073
2025-01-08 07:30:00,10.073
2025-01-08 07:45:00,10.073
2025-01-08 08:00:00,12.822
2025-01-08 08:15:00,12.822
2025-01-08 08:30:00,12.822
2025-01-08 08:45:00,12.822
2025-01-08 09:00:00,10.818
2025-01-08 09:15:00,10.818
2025-01-08 09:30:00,10.818
2025-01-08 09:45:00,10.818
2025-01-08 10:00:00,9.465
2025-01-08 10:15:00,9.465
2025-01-08 10:30:00,9.465
2025-01-08 10:45:00,9.465
2025-01-08 11:00:00,10.001
2025-01-08 11:15:00,10.001
2025-01-08 11:30:00,10.001
2025-01-08 11:45:00,10.001
2025-01-08 12:00:00,8.999
2025-01-08 12:15:00,8.999
2025-01-08 12:30:00,8.999
2025-01-08 12:45:00,8.999
2025-01-08 13:00:00,9.72
2025-01-08 13:15:00,9.72
2025-01-08 13:30:00,9.72
2025-01-08 13:45:00,9.72
2025-01-08 14:00:00,11.019
2025-01-08 14:15:00,11.019
2025-01-08 14:30:00,11.019
2025-01-08 14:45:00,11.019
2025-01-08 15:00:00,12.78
2025-01-08 15:15:00,12.78
2025-01-08 15:30:00,12.78
2025-01-08 15:45:00,12.78
2025-01-08 16:00:00,13.582
2025-01-08 16:15:00,13.582
2025-01-08 16:30:00,13.582
2025-01-08 16:45:00,13.582
2025-01-08 17:00:00,15.546
2025-01-08 17:15:00,15.546
2025-01-08 17:30:00,15.546
2025-01-08 17:45:00,15.546
2025-01-08 18:00:00,14.923
2025-01-08 18:15:00,14.923
2025-01-08 18:30:00,14.923
2025-01-08 18:45:00,14.923
2025-01-08 19:00:00,14.648
2025-01-08 19:15:00,14.648
2025-01-08 19:30:00,14.648
2025-01-08 19:45:00,14.648
2025-01-08 20:00:00,13.686
2025-01-08 20:15:00,13.686
2025-01-08 20:30:00,13.686
2025-01-08 20:45:00,13.686
2025-01-08 21:00:00,12.786
2025-01-08 21:15:00,12.786
2025-01-08 21:30:00,12.786
2025-01-08 21:45:00,12.786
2025-01-08 22:00:00,11.592
2025-01-08 22:15:00,11.592
2025-01-08 22:30:00,11.592
2025-01-08 22:45:00,11.592
2025-01-08 23:00:00,10.359
2025-01-08 23:15:00,10.359
2025-01-08 23:30:00,10.359
2025-01-08 23:45:00,10.359
2025-01-09 00:00:00,10.144
2025-01-09 00:15:00,10.144
2025-01-09 00:30:00,10.144
2025-01-09 00:45:00,10.144
2025-01-09 01:00:00,10.0
2025-01-09 01:15:00,10.0
2025-01-09 01:30:00,10.0
2025-01-09 01:45:00,10.0
2025-01-09 02:00:00,9.877
2025-01-09 02:15:00,9.877
2025-01-09 02:30:00,9.877
2025-01-09 02:45:00,9.877
2025-01-09 03:00:00,9.522
2025-01-09 03:15:00,9.522
2025-01-09 03:30:00,9.522
2025-01-09 03:45:00,9.522
2025-01-09 04:00:00,9.828
2025-01-09 04:15:00,9.828
2025-01-09 04:30:00,9.828
2025-01-09 04:45:00,9.828
2025-01-09 05:00:00,10.265
2025-01-09 05:15:00,10.265
2025-01-09 05:30:00,10.265
2025-01-09 05:45:00,10.265
2025-01-09 06:00:00,13.354
2025-01-09 06:15:00,13.354
2025-01-09 06:30:00,13.354
2025-01-09 06:45:00,13.354
2025-01-09 07:00:00,14.88
2025-01-09 07:15:00,14.88
2025-01-09 07:30:00,14.88
2025-01-09 07:45:00,14.88
2025-01-09 08:00:00,16.488
2025-01-09 08:15:00,16.488
2025-01-09 08:30:00,16.488
2025-01-09 08:45:00,16.488
2025-01-09 09:00:00,15.615
2025-01-09 09:15:00,15.615
2025-01-09 09:30:00,15.615
2025-01-09 09:45:00,15.615
2025-01-09 10:00:00,14.764
2025-01-09 10:15:00,14.764
2025-01-09 10:30:00,14.764
2025-01-09 10:45:00,14.764
2025-01-09 11:00:00,14.021
2025-01-09 11:15:00,14.021
2025-01-09 11:30:00,14.021
2025-01-09 11:45:00,14.021
2025-01-09 12:00:00,12.818
2025-01-09 12:15:00,12.818
2025-01-09 12:30:00,12.818
2025-01-09 12:45:00,12.818
2025-01-09 13:00:00,12.115
2025-01-09 13:15:00,12.115
2025-01-09 13:30:00,12.115
2025-01-09 13:45:00,12.115
2025-01-09 14:00:00,12.395
2025-01-09 14:15:00,12.395
2025-01-09 14:30:00,12.395
2025-01-09 14:45:00,12.395
2025-01-09 15:00:00,12.753
2025-01-09 15:15:00,12.753
2025-01-09 15:30:00,12.753
2025-01-09 15:45:00,12.753
2025-01-09 16:00:00,12.375
2025-01-09 16:15:00,12.375
2025-01-09 16:30:00,12.375
2025-01-09 16:45:00,12.375
2025-01-09 17:00:00,13.091
2025-01-09 17:15:00,13.091
2025-01-09 17:30:00,13.091
2025-01-09 17:45:00,13.091
2025-01-09 18:00:00,13.475
2025-01-09 18:15:00,13.475
2025-01-09 18:30:00,13.475
2025-01-09 18:45:00,13.475
2025-01-09 19:00:00,12.544
2025-01-09 19:15:00,12.544
2025-01-09 19:30:00,12.544
2025-01-09 19:45:00,12.544
2025-01-09 20:00:00,11.923
2025-01-09 20:15:00,11.923
2025-01-09 20:30:00,11.923
2025-01-09 20:45:00,11.923
2025-01-09 21:00:00,10.499
2025-01-09 21:15:00,10.499
2025-01-09 21:30:00,10.499
2025-01-09 21:45:00,10.499
2025-01-09 22:00:00,10.11
2025-01-09 22:15:00,10.11
2025-01-09 22:30:00,10.11
2025-01-09 22:45:00,10.11
2025-01-09 23:00:00,8.819
2025-01-09 23:15:00,8.819
2025-01-09 23:30:00,8.819
2025-01-09 23:45:00,8.819
2025-01-10 00:00:00,8.479
2025-01-10 00:15:00,8.479
2025-01-10 00:30:00,8.479
2025-01-10 00:45:00,8.479
2025-01-10 01:00:00,8.023
2025-01-10 01:15:00,8.023
2025-01-10 01:30:00,8.023
2025-01-10 01:45:00,8.023
2025-01-10 02:00:00,7.129
2025-01-10 02:15:00,7.129
2025-01-10 02:30:00,7.129
2025-01-10 02:45:00,7.129
2025-01-10 03:00:00,6.905
2025-01-10 03:15:00,6.905
2025-01-10 03:30:00,6.905
2025-01-10 03:45:00,6.905
2025-01-10 04:00:00,6.989
2025-01-10 04:15:00,6.989
2025-01-10 04:30:00,6.989
2025-01-10 04:45:00,6.989
2025-01-10 05:00:00,8.39
2025-01-10 05:15:00,8.39
2025-01-10 05:30:00,8.39
2025-01-10 05:45:00,8.39
2025-01-10 06:00:00,9.909
2025-01-10 06:15:00,9.909
2025-01-10 06:30:00,9.909
2025-01-10 06:45:00,9.909
2025-01-10 07:00:00,12.392
2025-01-10 07:15:00,12.392
2025-01-10 07:30:00,12.392
2025-01-10 07:45:00,12.392
2025-01-10 08:00:00,13.947
2025-01-10 08:15:00,13.947
2025-01-10 08:30:00,13.947
2025-01-10 08:45:00,13.947
2025-01-10 09:00:00,13.692
2025-01-10 09:15:00,13.692
2025-01-10 09:30:00,13.692
2025-01-10 09:45:00,13.692
2025-01-10 10:00:00,12.357
2025-01-10 10:15:00,12.357
2025-01-10 10:30:00,12.357
2025-01-10 10:45:00,12.357
2025-01-10 11:00:00,11.359
2025-01-10 11:15:00,11.359
2025-01-10 11:30:00,11.359
2025-01-10 11:45:00,11.359
2025-01-10 12:00:00,10.743
2025-01-10 12:15:00,10.743
2025-01-10 12:30:00,10.743
2025-01-10 12:45:00,10.743
2025-01-10 13:00:00,10.501
2025-01-10 13:15:00,10.501
2025-01-10 13:30:00,10.501
2025-01-10 13:45:00,10.501
2025-01-10 14:00:00,11.001
2025-01-10 14:15:00,11.001
2025-01-10 14:30:00,11.001
2025-01-10 14:45:00,11.001
2025-01-10 15:00:00,12.869
2025-01-10 15:15:00,12.869
2025-01-10 15:30:00,12.869
2025-01-10 15:45:00,12.869
2025-01-10 16:00:00,13.487
2025-01-10 16:15:00,13.487
2025-01-10 16:30:00,13.487
2025-01-10 16:45:00,13.487
2025-01-10 17:00:00,14.256
2025-01-10 17:15:00,14.256
2025-01-10 17:30:00,14.256
2025-01-10 17:45:00,14.256
2025-01-10 18:00:00,14.412
2025-01-10 18:15:00,14.412
2025-01-10 18:30:00,14.412
2025-01-10 18:45:00,14.412
2025-01-10 19:00:00,14.105
2025-01-10 19:15:00,14.105
2025-01-10 19:30:00,14.105
2025-01-10 19:45:00,14.105
2025-01-10 20:00:00,13.482
2025-01-10 20:15:00,13.482
2025-01-10 20:30:00,13.482
2025-01-10 20:45:00,13.482
2025-01-10 21:00:00,12.251
2025-01-10 21:15:00,12.251
2025-01-10 21:30:00,12.251
2025-01-10 21:45:00,12.251
2025-01-10 22:00:00,11.977
2025-01-10 22:15:00,11.977
2025-01-10 22:30:00,11.977
2025-01-10 22:45:00,11.977
2025-01-10 23:00:00,11.171
2025-01-10 23:15:00,11.171
2025-01-10 23:30:00,11.171
2025-01-10 23:45:00,11.171
2025-01-11 00:00:00,10.664
2025-01-11 00:15:00,10.664
2025-01-11 00:30:00,10.664
2025-01-11 00:45:00,10.664
2025-01-11 01:00:00,9.899
2025-01-11 01:15:00,9.899
2025-01-11 01:30:00,9.899
2025-01-11 01:45:00,9.899
2025-01-11 02:00:00,9.571
2025-01-11 02:15:00,9.571
2025-01-11 02:30:00,9.571
2025-01-11 02:45:00,9.571
2025-01-11 03:00:00,8.945
2025-01-11 03:15:00,8.945
2025-01-11 03:30:00,8.945
2025-01-11 03:45:00,8.945
2025-01-11 04:00:00,8.835
2025-01-11 04:15:00,8.835
2025-01-11 04:30:00,8.835
2025-01-11 04:45:00,8.835
2025-01-11 05:00:00,8.84
2025-01-11 05:15:00,8.84
2025-01-11 05:30:00,8.84
2025-01-11 05:45:00,8.84
2025-01-11 06:00:00,8.813
2025-01-11 06:15:00,8.813
2025-01-11 06:30:00,8.813
2025-01-11 06:45:00,8.813
2025-01-11 07:00:00,9.468
2025-01-11 07:15:00,9.468
2025-01-11 07:30:00,9.468
2025-01-11 07:45:00,9.468
2025-01-11 08:00:00,10.765
2025-01-11 08:15:00,10.765
2025-01-11 08:30:00,10.765
2025-01-11 08:45:00,10.765
2025-01-11 09:00:00,10.314
2025-01-11 09:15:00,10.314
2025-01-11 09:30:00,10.314
2025-01-11 09:45:00,10.314
2025-01-11 10:00:00,10.113
2025-01-11 10:15:00,10.113
2025-01-11 10:30:00,10.113
2025-01-11 10:45:00,10.113
2025-01-11 11:00:00,9.956
2025-01-11 11:15:00,9.956
2025-01-11 11:30:00,9.956
2025-01-11 11:45:00,9.956
2025-01-11 12:00:00,9.674
2025-01-11 12:15:00,9.674
2025-01-11 12:30:00,9.674
2025-01-11 12:45:00,9.674
2025-01-11 13:00:00,9.315
2025-01-11 13:15:00,9.315
2025-01-11 13:30:00,9.315
2025-01-11 13:45:00,9.315
2025-01-11 14:00:00,9.49
2025-01-11 14:15:00,9.49
2025-01-11 14:30:00,9.49
2025-01-11 14:45:00,9.49
2025-01-11 15:00:00,10.489
2025-01-11 15:15:00,10.489
2025-01-11 15:30:00,10.489
2025-01-11 15:45:00,10.489
2025-01-11 16:00:00,11.212
2025-01-11 16:15:00,11.212
2025-01-11 16:30:00,11.212
2025-01-11 16:45:00,11.212
2025-01-11 17:00:00,11.98
2025-01-11 17:15:00,11.98
2025-01-11 17:30:00,11.98
2025-01-11 17:45:00,11.98
2025-01-11 18:00:00,12.234
2025-01-11 18:15:00,12.234
2025-01-11 18:30:00,12.234
2025-01-11 18:45:00,12.234
2025-01-11 19:00:00,11.485
2025-01-11 19:15:00,11.485
2025-01-11 19:30:00,11.485
2025-01-11 19:45:00,11.485
2025-01-11 20:00:00,11.119
2025-01-11 20:15:00,11.119
2025-01-11 20:30:00,11.119
2025-01-11 20:45:00,11.119
2025-01-11 21:00:00,10.48
2025-01-11 21:15:00,10.48
2025-01-11 21:30:00,10.48
2025-01-11 21:45:00,10.48
2025-01-11 22:00:00,10.307
2025-01-11 22:15:00,10.307
2025-01-11 22:30:00,10.307
2025-01-11 22:45:00,10.307
2025-01-11 23:00:00,10.569
2025-01-11 23:15:00,10.569
2025-01-11 23:30:00,10.569
2025-01-11 23:45:00,10.569
2025-01-12 00:00:00,8.358
2025-01-12 00:15:00,8.358
2025-01-12 00:30:00,8.358
2025-01-12 00:45:00,8.358
2025-01-12 01:00:00,8.379
2025-01-12 01:15:00,8.379
2025-01-12 01:30:00,8.379
2025-01-12 01:45:00,8.379
2025-01-12 02:00:00,8.675
2025-01-12 02:15:00,8.675
2025-01-12 02:30:00,8.675
2025-01-12 02:45:00,8.675
2025-01-12 03:00:00,8.42
2025-01-12 03:15:00,8.42
2025-01-12 03:30:00,8.42
2025-01-12 03:45:00,8.42
2025-01-12 04:00:00,8.5
2025-01-12 04:15:00,8.5
2025-01-12 04:30:00,8.5
2025-01-12 04:45:00,8.5
2025-01-12 05:00:00,8.375
2025-01-12 05:15:00,8.375
2025-01-12 05:30:00,8.375
2025-01-12 05:45:00,8.375
2025-01-12 06:00:00,8.59
2025-01-12 06:15:00,8.59
2025-01-12 06:30:00,8.59
2025-01-12 06:45:00,8.59
2025-01-12 07:00:00,10.175
2025-01-12 07:15:00,10.175
2025-01-12 07:30:00,10.175
2025-01-12 07:45:00,10.175
2025-01-12 08:00:00,11.467
2025-01-12 08:15:00,11.467
2025-01-12 08:30:00,11.467
2025-01-12 08:45:00,11.467
2025-01-12 09:00:00,12.007
2025-01-12 09:15:00,12.007
2025-01-12 09:30:00,12.007
2025-01-12 09:45:00,12.007
2025-01-12 10:00:00,11.777
2025-01-12 10:15:00,11.777
2025-01-12 10:30:00,11.777
2025-01-12 10:45:00,11.777
2025-01-12 11:00:00,10.561
2025-01-12 11:15:00,10.561
2025-01-12 11:30:00,10.561
2025-01-12 11:45:00,10.561
2025-01-12 12:00:00,10.299
2025-01-12 12:15:00,10.299
2025-01-12 12:30:00,10.299
2025-01-12 12:45:00,10.299
2025-01-12 13:00:00,9.961
2025-01-12 13:15:00,9.961
2025-01-12 13:30:00,9.961
2025-01-12 13:45:00,9.961
2025-01-12 14:00:00,10.474
2025-01-12 14:15:00,10.474
2025-01-12 14:30:00,10.474
2025-01-12 14:45:00,10.474
2025-01-12 15:00:00,11.87
2025-01-12 15:15:00,11.87
2025-01-12 15:30:00,11.87
2025-01-12 15:45:00,11.87
2025-01-12 16:00:00,13.292
2025-01-12 16:15:00,13.292
2025-01-12 16:30:00,13.292
2025-01-12 16:45:00,13.292
2025-01-12 17:00:00,14.1
2025-01-12 17:15:00,14.1
2025-01-12 17:30:00,14.1
2025-01-12 17:45:00,14.1
2025-01-12 18:00:00,14.666
2025-01-12 18:15:00,14.666
2025-01-12 18:30:00,14.666
2025-01-12 18:45:00,14.666
2025-01-12 19:00:00,14.366
2025-01-12 19:15:00,14.366
2025-01-12 19:30:00,14.366
2025-01-12 19:45:00,14.366
2025-01-12 20:00:00,13.486
2025-01-12 20:15:00,13.486
2025-01-12 20:30:00,13.486
2025-01-12 20:45:00,13.486
2025-01-12 21:00:00,12.749
2025-01-12 21:15:00,12.749
2025-01-12 21:30:00,12.749
2025-01-12 21:45:00,12.749
2025-01-12 22:00:00,12.12
2025-01-12 22:15:00,12.12
2025-01-12 22:30:00,12.12
2025-01-12 22:45:00,12.12
2025-01-12 23:00:00,11.49
2025-01-12 23:15:00,11.49
2025-01-12 23:30:00,11.49
2025-01-12 23:45:00,11.49
2025-01-13 00:00:00,11.239
2025-01-13 00:15:00,11.239
2025-01-13 00:30:00,11.239
2025-01-13 00:45:00,11.239
2025-01-13 01:00:00,10.507
2025-01-13 01:15:00,10.507
2025-01-13 01:30:00,10.507
2025-01-13 01:45:00,10.507
2025-01-13 02:00:00,10.446
2025-01-13 02:15:00,10.446
2025-01-13 02:30:00,10.446
2025-01-13 02:45:00,10.446
2025-01-13 03:00:00,10.037
2025-01-13 03:15:00,10.037
2025-01-13 03:30:00,10.037
2025-01-13 03:45:00,10.037
2025-01-13 04:00:00,10.0
2025-01-13 04:15:00,10.0
2025-01-13 04:30:00,10.0
2025-01-13 04:45:00,10.0
2025-01-13 05:00:00,11.011
2025-01-13 05:15:00,11.011
2025-01-13 05:30:00,11.011
2025-01-13 05:45:00,11.011
2025-01-13 06:00:00,14.028
2025-01-13 06:15:00,14.028
2025-01-13 06:30:00,14.028
2025-01-13 06:45:00,14.028
2025-01-13 07:00:00,18.192
2025-01-13 07:15:00,18.192
2025-01-13 07:30:00,18.192
2025-01-13 07:45:00,18.192
2025-01-13 08:00:00,22.309
2025-01-13 08:15:00,22.309
2025-01-13 08:30:00,22.309
2025-01-13 08:45:00,22.309
2025-01-13 09:00:00,17.409
2025-01-13 09:15:00,17.409
2025-01-13 09:30:00,17.409
2025-01-13 09:45:00,17.409
2025-01-13 10:00:00,14.169
2025-01-13 10:15:00,14.169
2025-01-13 10:30:00,14.169
2025-01-13 10:45:00,14.169
2025-01-13 11:00:00,11.573
2025-01-13 11:15:00,11.573
2025-01-13 11:30:00,11.573
2025-01-13 11:45:00,11.573
2025-01-13 12:00:00,10.41
2025-01-13 12:15:00,10.41
2025-01-13 12:30:00,10.41
2025-01-13 12:45:00,10.41
2025-01-13 13:00:00,10.304
2025-01-13 13:15:00,10.304
2025-01-13 13:30:00,10.304
2025-01-13 13:45:00,10.304
2025-01-13 14:00:00,10.467
2025-01-13 14:15:00,10.467
2025-01-13 14:30:00,10.467
2025-01-13 14:45:00,10.467
2025-01-13 15:00:00,13.82
2025-01-13 15:15:00,13.82
2025-01-13 15:30:00,13.82
2025-01-13 15:45:00,13.82
2025-01-13 16:00:00,14.262
2025-01-13 16:15:00,14.262
2025-01-13 16:30:00,14.262
2025-01-13 16:45:00,14.262
2025-01-13 17:00:00,14.9
2025-01-13 17:15:00,14.9
2025-01-13 17:30:00,14.9
2025-01-13 17:45:00,14.9
2025-01-13 18:00:00,14.9
2025-01-13 18:15:00,14.9
2025-01-13 18:30:00,14.9
2025-01-13 18:45:00,14.9
2025-01-13 19:00:00,13.973
2025-01-13 19:15:00,13.973
2025-01-13 19:30:00,13.973
2025-01-13 19:45:00,13.973
2025-01-13 20:00:00,12.318
2025-01-13 20:15:00,12.318
2025-01-13 20:30:00,12.318
2025-01-13 20:45:00,12.318
2025-01-13 21:00:00,12.022
2025-01-13 21:15:00,12.022
2025-01-13 21:30:00,12.022
2025-01-13 21:45:00,12.022
2025-01-13 22:00:00,11.557
2025-01-13 22:15:00,11.557
2025-01-13 22:30:00,11.557
2025-01-13 22:45:00,11.557
2025-01-13 23:00:00,10.231
2025-01-13 23:15:00,10.231
2025-01-13 23:30:00,10.231
2025-01-13 23:45:00,10.231
2025-01-14 00:00:00,10.638
2025-01-14 00:15:00,10.638
2025-01-14 00:30:00,10.638
2025-01-14 00:45:00,10.638
2025-01-14 01:00:00,10.37
2025-01-14 01:15:00,10.37
2025-01-14 01:30:00,10.37
2025-01-14 01:45:00,10.37
2025-01-14 02:00:00,9.908
2025-01-14 02:15:00,9.908
2025-01-14 02:30:00,9.908
2025-01-14 02:45:00,9.908
2025-01-14 03:00:00,9.799
2025-01-14 03:15:00,9.799
2025-01-14 03:30:00,9.799
2025-01-14 03:45:00,9.799
2025-01-14 04:00:00,10.188
2025-01-14 04:15:00,10.188
2025-01-14 04:30:00,10.188
2025-01-14 04:45:00,10.188
2025-01-14 05:00:00,10.764
2025-01-14 05:15:00,10.764
2025-01-14 05:30:00,10.764
2025-01-14 05:45:00,10.764
2025-01-14 06:00:00,12.34
2025-01-14 06:15:00,12.34
2025-01-14 06:30:00,12.34
2025-01-14 06:45:00,12.34
2025-01-14 07:00:00,15.662
2025-01-14 07:15:00,15.662
2025-01-14 07:30:00,15.662
2025-01-14 07:45:00,15.662
2025-01-14 08:00:00,18.403
2025-01-14 08:15:00,18.403
2025-01-14 08:30:00,18.403
2025-01-14 08:45:00,18.403
2025-01-14 09:00:00,15.186
2025-01-14 09:15:00,15.186
2025-01-14 09:30:00,15.186
2025-01-14 09:45:00,15.186
2025-01-14 10:00:00,11.762
2025-01-14 10:15:00,11.762
2025-01-14 10:30:00,11.762
2025-01-14 10:45:00,11.762
2025-01-14 11:00:00,10.931
2025-01-14 11:15:00,10.931
2025-01-14 11:30:00,10.931
2025-01-14 11:45:00,10.931
2025-01-14 12:00:00,10.311
2025-01-14 12:15:00,10.311
2025-01-14 12:30:00,10.311
2025-01-14 12:45:00,10.311
2025-01-14 13:00:00,10.811
2025-01-14 13:15:00,10.811
2025-01-14 13:30:00,10.811
2025-01-14 13:45:00,10.811
2025-01-14 14:00:00,11.535
2025-01-14 14:15:00,11.535
2025-01-14 14:30:00,11.535
2025-01-14 14:45:00,11.535
2025-01-14 15:00:00,12.535
2025-01-14 15:15:00,12.535
2025-01-14 15:30:00,12.535
2025-01-14 15:45:00,12.535
2025-01-14 16:00:00,14.197
2025-01-14 16:15:00,14.197
2025-01-14 16:30:00,14.197
2025-01-14 16:45:00,14.197
2025-01-14 17:00:00,16.586
2025-01-14 17:15:00,16.586
2025-01-14 17:30:00,16.586
2025-01-14 17:45:00,16.586
2025-01-14 18:00:00,17.007
2025-01-14 18:15:00,17.007
2025-01-14 18:30:00,17.007
2025-01-14 18:45:00,17.007
2025-01-14 19:00:00,15.838
2025-01-14 19:15:00,15.838
2025-01-14 19:30:00,15.838
2025-01-14 19:45:00,15.838
2025-01-14 20:00:00,13.546
2025-01-14 20:15:00,13.546
2025-01-14 20:30:00,13.546
2025-01-14 20:45:00,13.546
2025-01-14 21:00:00,11.769
2025-01-14 21:15:00,11.769
2025-01-14 21:30:00,11.769
2025-01-14 21:45:00,11.769
2025-01-14 22:00:00,12.1
2025-01-14 22:15:00,12.1
2025-01-14 22:30:00,12.1
2025-01-14 22:45:00,12.1
2025-01-14 23:00:00,12.176
2025-01-14 23:15:00,12.176
2025-01-14 23:30:00,12.176
2025-01-14 23:45:00,12.176
2025-01-15 00:00:00,10.828
2025-01-15 00:15:00,10.828
2025-01-15 00:30:00,10.828
2025-01-15 00:45:00,10.828
2025-01-15 01:00:00,10.772
2025-01-15 01:15:00,10.772
2025-01-15 01:30:00,10.772
2025-01-15 01:45:00,10.772
2025-01-15 02:00:00,10.841
2025-01-15 02:15:00,10.841
2025-01-15 02:30:00,10.841
2025-01-15 02:45:00,10.841
2025-01-15 03:00:00,10.804
2025-01-15 03:15:00,10.804
2025-01-15 03:30:00,10.804
2025-01-15 03:45:00,10.804
2025-01-15 04:00:00,10.875
2025-01-15 04:15:00,10.875
2025-01-15 04:30:00,10.875
2025-01-15 04:45:00,10.875
2025-01-15 05:00:00,11.492
2025-01-15 05:15:00,11.492
2025-01-15 05:30:00,11.492
2025-01-15 05:45:00,11.492
2025-01-15 06:00:00,13.449
2025-01-15 06:15:00,13.449
2025-01-15 06:30:00,13.449
2025-01-15 06:45:00,13.449
2025-01-15 07:00:00,19.179
2025-01-15 07:15:00,19.179
2025-01-15 07:30:00,19.179
2025-01-15 07:45:00,19.179
2025-01-15 08:00:00,30.724
2025-01-15 08:15:00,30.724
2025-01-15 08:30:00,30.724
2025-01-15 08:45:00,30.724
2025-01-15 09:00:00,31.502
2025-01-15 09:15:00,31.502
2025-01-15 09:30:00,31.502
2025-01-15 09:45:00,31.502
2025-01-15 10:00:00,31.103
2025-01-15 10:15:00,31.103
2025-01-15 10:30:00,31.103
2025-01-15 10:45:00,31.103
2025-01-15 11:00:00,30.48
2025-01-15 11:15:00,30.48
2025-01-15 11:30:00,30.48
2025-01-15 11:45:00,30.48
2025-01-15 12:00:00,31.102
2025-01-15 12:15:00,31.102
2025-01-15 12:30:00,31.102
2025-01-15 12:45:00,31.102
2025-01-15 13:00:00,30.934
2025-01-15 13:15:00,30.934
2025-01-15 13:30:00,30.934
2025-01-15 13:45:00,30.934
2025-01-15 14:00:00,28.583
2025-01-15 14:15:00,28.583
2025-01-15 14:30:00,28.583
2025-01-15 14:45:00,28.583
2025-01-15 15:00:00,30.174
2025-01-15 15:15:00,30.174
2025-01-15 15:30:00,30.174
2025-01-15 15:45:00,30.174
2025-01-15 16:00:00,33.352
2025-01-15 16:15:00,33.352
2025-01-15 16:30:00,33.352
2025-01-15 16:45:00,33.352
2025-01-15 17:00:00,37.799
2025-01-15 17:15:00,37.799
2025-01-15 17:30:00,37.799
2025-01-15 17:45:00,37.799
2025-01-15 18:00:00,32.474
2025-01-15 18:15:00,32.474
2025-01-15 18:30:00,32.474
2025-01-15 18:45:00,32.474
2025-01-15 19:00:00,27.009
2025-01-15 19:15:00,27.009
2025-01-15 19:30:00,27.009
2025-01-15 19:45:00,27.009
2025-01-15 20:00:00,18.166
2025-01-15 20:15:00,18.166
2025-01-15 20:30:00,18.166
2025-01-15 20:45:00,18.166
2025-01-15 21:00:00,15.087
2025-01-15 21:15:00,15.087
2025-01-15 21:30:00,15.087
2025-01-15 21:45:00,15.087
2025-01-15 22:00:00,14.116
2025-01-15 22:15:00,14.116
2025-01-15 22:30:00,14.116
2025-01-15 22:45:00,14.116
2025-01-15 23:00:00,12.39
2025-01-15 23:15:00,12.39
2025-01-15 23:30:00,12.39
2025-01-15 23:45:00,12.39
2025-01-16 00:00:00,12.633
2025-01-16 00:15:00,12.633
2025-01-16 00:30:00,12.633
2025-01-16 00:45:00,12.633
2025-01-16 01:00:00,11.912
2025-01-16 01:15:00,11.912
2025-01-16 01:30:00,11.912
2025-01-16 01:45:00,11.912
2025-01-16 02:00:00,11.762
2025-01-16 02:15:00,11.762
2025-01-16 02:30:00,11.762
2025-01-16 02:45:00,11.762
2025-01-16 03:00:00,11.503
2025-01-16 03:15:00,11.503
2025-01-16 03:30:00,11.503
2025-01-16 03:45:00,11.503
2025-01-16 04:00:00,11.575
2025-01-16 04:15:00,11.575
2025-01-16 04:30:00,11.575
2025-01-16 04:45:00,11.575
2025-01-16 05:00:00,12.327
2025-01-16 05:15:00,12.327
2025-01-16 05:30:00,12.327
2025-01-16 05:45:00,12.327
2025-01-16 06:00:00,13.87
2025-01-16 06:15:00,13.87
2025-01-16 06:30:00,13.87
2025-01-16 06:45:00,13.87
2025-01-16 07:00:00,17.304
2025-01-16 07:15:00,17.304
2025-01-16 07:30:00,17.304
2025-01-16 07:45:00,17.304
2025-01-16 08:00:00,19.965
2025-01-16 08:15:00,19.965
2025-01-16 08:30:00,19.965
2025-01-16 08:45:00,19.965
2025-01-16 09:00:00,17.5
2025-01-16 09:15:00,17.5
2025-01-16 09:30:00,17.5
2025-01-16 09:45:00,17.5
2025-01-16 10:00:00,15.19
2025-01-16 10:15:00,15.19
2025-01-16 10:30:00,15.19
2025-01-16 10:45:00,15.19
2025-01-16 11:00:00,14.064
2025-01-16 11:15:00,14.064
2025-01-16 11:30:00,14.064
2025-01-16 11:45:00,14.064
2025-01-16 12:00:00,13.113
2025-01-16 12:15:00,13.113
2025-01-16 12:30:00,13.113
2025-01-16 12:45:00,13.113
2025-01-16 13:00:00,13.058
2025-01-16 13:15:00,13.058
2025-01-16 13:30:00,13.058
2025-01-16 13:45:00,13.058
2025-01-16 14:00:00,13.842
2025-01-16 14:15:00,13.842
2025-01-16 14:30:00,13.842
2025-01-16 14:45:00,13.842
2025-01-16 15:00:00,16.304
2025-01-16 15:15:00,16.304
2025-01-16 15:30:00,16.304
2025-01-16 15:45:00,16.304
2025-01-16 16:00:00,17.92
2025-01-16 16:15:00,17.92
2025-01-16 16:30:00,17.92
2025-01-16 16:45:00,17.92
2025-01-16 17:00:00,19.156
2025-01-16 17:15:00,19.156
2025-01-16 17:30:00,19.156
2025-01-16 17:45:00,19.156
2025-01-16 18:00:00,18.432
2025-01-16 18:15:00,18.432
2025-01-16 18:30:00,18.432
2025-01-16 18:45:00,18.432
2025-01-16 19:00:00,17.997
2025-01-16 19:15:00,17.997
2025-01-16 19:30:00,17.997
2025-01-16 19:45:00,17.997
2025-01-16 20:00:00,15.96
2025-01-16 20:15:00,15.96
2025-01-16 20:30:00,15.96
2025-01-16 20:45:00,15.96
2025-01-16 21:00:00,14.16
2025-01-16 21:15:00,14.16
2025-01-16 21:30:00,14.16
2025-01-16 21:45:00,14.16
2025-01-16 22:00:00,13.529
2025-01-16 22:15:00,13.529
2025-01-16 22:30:00,13.529
2025-01-16 22:45:00,13.529
2025-01-16 23:00:00,12.375
2025-01-16 23:15:00,12.375
2025-01-16 23:30:00,12.375
2025-01-16 23:45:00,12.375
2025-01-17 00:00:00,11.887
2025-01-17 00:15:00,11.887
2025-01-17 00:30:00,11.887
2025-01-17 00:45:00,11.887
2025-01-17 01:00:00,11.839
2025-01-17 01:15:00,11.839
2025-01-17 01:30:00,11.839
2025-01-17 01:45:00,11.839
2025-01-17 02:00:00,11.571
2025-01-17 02:15:00,11.571
2025-01-17 02:30:00,11.571
2025-01-17 02:45:00,11.571
2025-01-17 03:00:00,11.472
2025-01-17 03:15:00,11.472
2025-01-17 03:30:00,11.472
2025-01-17 03:45:00,11.472
2025-01-17 04:00:00,11.548
2025-01-17 04:15:00,11.548
2025-01-17 04:30:00,11.548
2025-01-17 04:45:00,11.548
2025-01-17 05:00:00,12.216
2025-01-17 05:15:00,12.216
2025-01-17 05:30:00,12.216
2025-01-17 05:45:00,12.216
2025-01-17 06:00:00,14.08
2025-01-17 06:15:00,14.08
2025-01-17 06:30:00,14.08
2025-01-17 06:45:00,14.08
2025-01-17 07:00:00,17.501
2025-01-17 07:15:00,17.501
2025-01-17 07:30:00,17.501
2025-01-17 07:45:00,17.501
2025-01-17 08:00:00,20.813
2025-01-17 08:15:00,20.813
2025-01-17 08:30:00,20.813
2025-01-17 08:45:00,20.813
2025-01-17 09:00:00,17.534
2025-01-17 09:15:00,17.534
2025-01-17 09:30:00,17.534
2025-01-17 09:45:00,17.534
2025-01-17 10:00:00,15.8
2025-01-17 10:15:00,15.8
2025-01-17 10:30:00,15.8
2025-01-17 10:45:00,15.8
2025-01-17 11:00:00,14.073
2025-01-17 11:15:00,14.073
2025-01-17 11:30:00,14.073
2025-01-17 11:45:00,14.073
2025-01-17 12:00:00,12.644
2025-01-17 12:15:00,12.644
2025-01-17 12:30:00,12.644
2025-01-17 12:45:00,12.644
2025-01-17 13:00:00,12.403
2025-01-17 13:15:00,12.403
2025-01-17 13:30:00,12.403
2025-01-17 13:45:00,12.403
2025-01-17 14:00:00,13.299
2025-01-17 14:15:00,13.299
2025-01-17 14:30:00,13.299
2025-01-17 14:45:00,13.299
2025-01-17 15:00:00,15.198
2025-01-17 15:15:00,15.198
2025-01-17 15:30:00,15.198
2025-01-17 15:45:00,15.198
2025-01-17 16:00:00,17.021
2025-01-17 16:15:00,17.021
2025-01-17 16:30:00,17.021
2025-01-17 16:45:00,17.021
2025-01-17 17:00:00,17.879
2025-01-17 17:15:00,17.879
2025-01-17 17:30:00,17.879
2025-01-17 17:45:00,17.879
2025-01-17 18:00:00,17.992
2025-01-17 18:15:00,17.992
2025-01-17 18:30:00,17.992
2025-01-17 18:45:00,17.992
2025-01-17 19:00:00,17.422
2025-01-17 19:15:00,17.422
2025-01-17 19:30:00,17.422
2025-01-17 19:45:00,17.422
2025-01-17 20:00:00,15.791
2025-01-17 20:15:00,15.791
2025-01-17 20:30:00,15.791
2025-01-17 20:45:00,15.791
2025-01-17 21:00:00,14.5
2025-01-17 21:15:00,14.5
2025-01-17 21:30:00,14.5
2025-01-17 21:45:00,14.5
2025-01-17 22:00:00,13.997
2025-01-17 22:15:00,13.997
2025-01-17 22:30:00,13.997
2025-01-17 22:45:00,13.997
2025-01-17 23:00:00,12.684
2025-01-17 23:15:00,12.684
2025-01-17 23:30:00,12.684
2025-01-17 23:45:00,12.684
2025-01-18 00:00:00,12.529
2025-01-18 00:15:00,12.529
2025-01-18 00:30:00,12.529
2025-01-18 00:45:00,12.529
2025-01-18 01:00:00,12.105
2025-01-18 01:15:00,12.105
2025-01-18 01:30:00,12.105
2025-01-18 01:45:00,12.105
2025-01-18 02:00:00,12.098
2025-01-18 02:15:00,12.098
2025-01-18 02:30:00,12.098
2025-01-18 02:45:00,12.098
2025-01-18 03:00:00,11.885
2025-01-18 03:15:00,11.885
2025-01-18 03:30:00,11.885
2025-01-18 03:45:00,11.885
2025-01-18 04:00:00,11.646
2025-01-18 04:15:00,11.646
2025-01-18 04:30:00,11.646
2025-01-18 04:45:00,11.646
2025-01-18 05:00:00,11.977
2025-01-18 05:15:00,11.977
2025-01-18 05:30:00,11.977
2025-01-18 05:45:00,11.977
2025-01-18 06:00:00,11.975
2025-01-18 06:15:00,11.975
2025-01-18 06:30:00,11.975
2025-01-18 06:45:00,11.975
2025-01-18 07:00:00,13.339
2025-01-18 07:15:00,13.339
2025-01-18 07:30:00,13.339
2025-01-18 07:45:00,13.339
2025-01-18 08:00:00,14.563
2025-01-18 08:15:00,14.563
2025-01-18 08:30:00,14.563
2025-01-18 08:45:00,14.563
2025-01-18 09:00:00,14.41
2025-01-18 09:15:00,14.41
2025-01-18 09:30:00,14.41
2025-01-18 09:45:00,14.41
2025-01-18 10:00:00,13.121
2025-01-18 10:15:00,13.121
2025-01-18 10:30:00,13.121
2025-01-18 10:45:00,13.121
2025-01-18 11:00:00,12.156
2025-01-18 11:15:00,12.156
2025-01-18 11:30:00,12.156
2025-01-18 11:45:00,12.156
2025-01-18 12:00:00,11.887
2025-01-18 12:15:00,11.887
2025-01-18 12:30:00,11.887
2025-01-18 12:45:00,11.887
2025-01-18 13:00:00,11.501
2025-01-18 13:15:00,11.501
2025-01-18 13:30:00,11.501
2025-01-18 13:45:00,11.501
2025-01-18 14:00:00,11.932
2025-01-18 14:15:00,11.932
2025-01-18 14:30:00,11.932
2025-01-18 14:45:00,11.932
2025-01-18 15:00:00,13.332
2025-01-18 15:15:00,13.332
2025-01-18 15:30:00,13.332
2025-01-18 15:45:00,13.332
2025-01-18 16:00:00,14.971
2025-01-18 16:15:00,14.971
2025-01-18 16:30:00,14.971
2025-01-18 16:45:00,14.971
2025-01-18 17:00:00,16.459
2025-01-18 17:15:00,16.459
2025-01-18 17:30:00,16.459
2025-01-18 17:45:00,16.459
2025-01-18 18:00:00,16.757
2025-01-18 18:15:00,16.757
2025-01-18 18:30:00,16.757
2025-01-18 18:45:00,16.757
2025-01-18 19:00:00,16.785
2025-01-18 19:15:00,16.785
2025-01-18 19:30:00,16.785
2025-01-18 19:45:00,16.785
2025-01-18 20:00:00,15.612
2025-01-18 20:15:00,15.612
2025-01-18 20:30:00,15.612
2025-01-18 20:45:00,15.612
2025-01-18 21:00:00,14.342
2025-01-18 21:15:00,14.342
2025-01-18 21:30:00,14.342
2025-01-18 21:45:00,14.342
2025-01-18 22:00:00,13.64
2025-01-18 22:15:00,13.64
2025-01-18 22:30:00,13.64
2025-01-18 22:45:00,13.64
2025-01-18 23:00:00,12.936
2025-01-18 23:15:00,12.936
2025-01-18 23:30:00,12.936
2025-01-18 23:45:00,12.936
2025-01-19 00:00:00,12.973
2025-01-19 00:15:00,12.973
2025-01-19 00:30:00,12.973
2025-01-19 00:45:00,12.973
2025-01-19 01:00:00,12.42
2025-01-19 01:15:00,12.42
2025-01-19 01:30:00,12.42
2025-01-19 01:45:00,12.42
2025-01-19 02:00:00,12.305
2025-01-19 02:15:00,12.305
2025-01-19 02:30:00,12.305
2025-01-19 02:45:00,12.305
2025-01-19 03:00:00,12.124
2025-01-19 03:15:00,12.124
2025-01-19 03:30:00,12.124
2025-01-19 03:45:00,12.124
2025-01-19 04:00:00,12.018
2025-01-19 04:15:00,12.018
2025-01-19 04:30:00,12.018
2025-01-19 04:45:00,12.018
2025-01-19 05:00:00,12.0
2025-01-19 05:15:00,12.0
2025-01-19 05:30:00,12.0
2025-01-19 05:45:00,12.0
2025-01-19 06:00:00,12.157
2025-01-19 06:15:00,12.157
2025-01-19 06:30:00,12.157
2025-01-19 06:45:00,12.157
2025-01-19 07:00:00,12.333
2025-01-19 07:15:00,12.333
2025-01-19 07:30:00,12.333
2025-01-19 07:45:00,12.333
2025-01-19 08:00:00,12.36
2025-01-19 08:15:00,12.36
2025-01-19 08:30:00,12.36
2025-01-19 08:45:00,12.36
2025-01-19 09:00:00,12.516
2025-01-19 09:15:00,12.516
2025-01-19 09:30:00,12.516
2025-01-19 09:45:00,12.516
2025-01-19 10:00:00,12.519
2025-01-19 10:15:00,12.519
2025-01-19 10:30:00,12.519
2025-01-19 10:45:00,12.519
2025-01-19 11:00:00,12.156
2025-01-19 11:15:00,12.156
2025-01-19 11:30:00,12.156
2025-01-19 11:45:00,12.156
2025-01-19 12:00:00,11.225
2025-01-19 12:15:00,11.225
2025-01-19 12:30:00,11.225
2025-01-19 12:45:00,11.225
2025-01-19 13:00:00,10.751
2025-01-19 13:15:00,10.751
2025-01-19 13:30:00,10.751
2025-01-19 13:45:00,10.751
2025-01-19 14:00:00,11.681
2025-01-19 14:15:00,11.681
2025-01-19 14:30:00,11.681
2025-01-19 14:45:00,11.681
2025-01-19 15:00:00,12.629
2025-01-19 15:15:00,12.629
2025-01-19 15:30:00,12.629
2025-01-19 15:45:00,12.629
2025-01-19 16:00:00,14.015
2025-01-19 16:15:00,14.015
2025-01-19 16:30:00,14.015
2025-01-19 16:45:00,14.015
2025-01-19 17:00:00,14.967
2025-01-19 17:15:00,14.967
2025-01-19 17:30:00,14.967
2025-01-19 17:45:00,14.967
2025-01-19 18:00:00,15.904
2025-01-19 18:15:00,15.904
2025-01-19 18:30:00,15.904
2025-01-19 18:45:00,15.904
2025-01-19 19:00:00,15.66
2025-01-19 19:15:00,15.66
2025-01-19 19:30:00,15.66
2025-01-19 19:45:00,15.66
2025-01-19 20:00:00,14.906
2025-01-19 20:15:00,14.906
2025-01-19 20:30:00,14.906
2025-01-19 20:45:00,14.906
2025-01-19 21:00:00,13.926
2025-01-19 21:15:00,13.926
2025-01-19 21:30:00,13.926
2025-01-19 21:45:00,13.926
2025-01-19 22:00:00,13.099
2025-01-19 22:15:00,13.099
2025-01-19 22:30:00,13.099
2025-01-19 22:45:00,13.099
2025-01-19 23:00:00,12.294
2025-01-19 23:15:00,12.294
2025-01-19 23:30:00,12.294
2025-01-19 23:45:00,12.294
2025-01-20 00:00:00,12.227
2025-01-20 00:15:00,12.227
2025-01-20 00:30:00,12.227
2025-01-20 00:45:00,12.227
2025-01-20 01:00:00,11.944
2025-01-20 01:15:00,11.944
2025-01-20 01:30:00,11.944
2025-01-20 01:45:00,11.944
2025-01-20 02:00:00,11.656
2025-01-20 02:15:00,11.656
2025-01-20 02:30:00,11.656
2025-01-20 02:45:00,11.656
2025-01-20 03:00:00,11.441
2025-01-20 03:15:00,11.441
2025-01-20 03:30:00,11.441
2025-01-20 03:45:00,11.441
2025-01-20 04:00:00,11.545
2025-01-20 04:15:00,11.545
2025-01-20 04:30:00,11.545
2025-01-20 04:45:00,11.545
2025-01-20 05:00:00,12.754
2025-01-20 05:15:00,12.754
2025-01-20 05:30:00,12.754
2025-01-20 05:45:00,12.754
2025-01-20 06:00:00,16.171
2025-01-20 06:15:00,16.171
2025-01-20 06:30:00,16.171
2025-01-20 06:45:00,16.171
2025-01-20 07:00:00,27.648
2025-01-20 07:15:00,27.648
2025-01-20 07:30:00,27.648
2025-01-20 07:45:00,27.648
2025-01-20 08:00:00,43.199
2025-01-20 08:15:00,43.199
2025-01-20 08:30:00,43.199
2025-01-20 08:45:00,43.199
2025-01-20 09:00:00,29.17
2025-01-20 09:15:00,29.17
2025-01-20 09:30:00,29.17
2025-01-20 09:45:00,29.17
2025-01-20 10:00:00,23.629
2025-01-20 10:15:00,23.629
2025-01-20 10:30:00,23.629
2025-01-20 10:45:00,23.629
2025-01-20 11:00:00,18.748
2025-01-20 11:15:00,18.748
2025-01-20 11:30:00,18.748
2025-01-20 11:45:00,18.748
2025-01-20 12:00:00,17.6
2025-01-20 12:15:00,17.6
2025-01-20 12:30:00,17.6
2025-01-20 12:45:00,17.6
2025-01-20 13:00:00,17.139
2025-01-20 13:15:00,17.139
2025-01-20 13:30:00,17.139
2025-01-20 13:45:00,17.139
2025-01-20 14:00:00,19.185
2025-01-20 14:15:00,19.185
2025-01-20 14:30:00,19.185
2025-01-20 14:45:00,19.185
2025-01-20 15:00:00,27.717
2025-01-20 15:15:00,27.717
2025-01-20 15:30:00,27.717
2025-01-20 15:45:00,27.717
2025-01-20 16:00:00,40.212
2025-01-20 16:15:00,40.212
2025-01-20 16:30:00,40.212
2025-01-20 16:45:00,40.212
2025-01-20 17:00:00,58.34
2025-01-20 17:15:00,58.34
2025-01-20 17:30:00,58.34
2025-01-20 17:45:00,58.34
2025-01-20 18:00:00,47.328
2025-01-20 18:15:00,47.328
2025-01-20 18:30:00,47.328
2025-01-20 18:45:00,47.328
2025-01-20 19:00:00,29.557
2025-01-20 19:15:00,29.557
2025-01-20 19:30:00,29.557
2025-01-20 19:45:00,29.557
2025-01-20 20:00:00,22.0
2025-01-20 20:15:00,22.0
2025-01-20 20:30:00,22.0
2025-01-20 20:45:00,22.0
2025-01-20 21:00:00,17.0
2025-01-20 21:15:00,17.0
2025-01-20 21:30:00,17.0
2025-01-20 21:45:00,17.0
2025-01-20 22:00:00,15.251
2025-01-20 22:15:00,15.251
2025-01-20 22:30:00,15.251
2025-01-20 22:45:00,15.251
2025-01-20 23:00:00,13.798
2025-01-20 23:15:00,13.798
2025-01-20 23:30:00,13.798
2025-01-20 23:45:00,13.798
2025-01-21 00:00:00,12.752
2025-01-21 00:15:00,12.752
2025-01-21 00:30:00,12.752
2025-01-21 00:45:00,12.752
2025-01-21 01:00:00,12.165
2025-01-21 01:15:00,12.165
2025-01-21 01:30:00,12.165
2025-01-21 01:45:00,12.165
2025-01-21 02:00:00,11.667
2025-01-21 02:15:00,11.667
2025-01-21 02:30:00,11.667
2025-01-21 02:45:00,11.667
2025-01-21 03:00:00,11.386
2025-01-21 03:15:00,11.386
2025-01-21 03:30:00,11.386
2025-01-21 03:45:00,11.386
2025-01-21 04:00:00,11.354
2025-01-21 04:15:00,11.354
2025-01-21 04:30:00,11.354
2025-01-21 04:45:00,11.354
2025-01-21 05:00:00,12.234
2025-01-21 05:15:00,12.234
2025-01-21 05:30:00,12.234
2025-01-21 05:45:00,12.234
2025-01-21 06:00:00,14.22
2025-01-21 06:15:00,14.22
2025-01-21 06:30:00,14.22
2025-01-21 06:45:00,14.22
2025-01-21 07:00:00,19.006
2025-01-21 07:15:00,19.006
2025-01-21 07:30:00,19.006
2025-01-21 07:45:00,19.006
2025-01-21 08:00:00,24.832
2025-01-21 08:15:00,24.832
2025-01-21 08:30:00,24.832
2025-01-21 08:45:00,24.832
2025-01-21 09:00:00,21.168
2025-01-21 09:15:00,21.168
2025-01-21 09:30:00,21.168
2025-01-21 09:45:00,21.168
2025-01-21 10:00:00,19.805
2025-01-21 10:15:00,19.805
2025-01-21 10:30:00,19.805
2025-01-21 10:45:00,19.805
2025-01-21 11:00:00,16.15
2025-01-21 11:15:00,16.15
2025-01-21 11:30:00,16.15
2025-01-21 11:45:00,16.15
2025-01-21 12:00:00,14.744
2025-01-21 12:15:00,14.744
2025-01-21 12:30:00,14.744
2025-01-21 12:45:00,14.744
2025-01-21 13:00:00,14.283
2025-01-21 13:15:00,14.283
2025-01-21 13:30:00,14.283
2025-01-21 13:45:00,14.283
2025-01-21 14:00:00,15.005
2025-01-21 14:15:00,15.005
2025-01-21 14:30:00,15.005
2025-01-21 14:45:00,15.005
2025-01-21 15:00:00,17.343
2025-01-21 15:15:00,17.343
2025-01-21 15:30:00,17.343
2025-01-21 15:45:00,17.343
2025-01-21 16:00:00,21.213
2025-01-21 16:15:00,21.213
2025-01-21 16:30:00,21.213
2025-01-21 16:45:00,21.213
2025-01-21 17:00:00,30.115
2025-01-21 17:15:00,30.115
2025-01-21 17:30:00,30.115
2025-01-21 17:45:00,30.115
2025-01-21 18:00:00,25.193
2025-01-21 18:15:00,25.193
2025-01-21 18:30:00,25.193
2025-01-21 18:45:00,25.193
2025-01-21 19:00:00,20.268
2025-01-21 19:15:00,20.268
2025-01-21 19:30:00,20.268
2025-01-21 19:45:00,20.268
2025-01-21 20:00:00,17.484
2025-01-21 20:15:00,17.484
2025-01-21 20:30:00,17.484
2025-01-21 20:45:00,17.484
2025-01-21 21:00:00,15.519
2025-01-21 21:15:00,15.519
2025-01-21 21:30:00,15.519
2025-01-21 21:45:00,15.519
2025-01-21 22:00:00,13.86
2025-01-21 22:15:00,13.86
2025-01-21 22:30:00,13.86
2025-01-21 22:45:00,13.86
2025-01-21 23:00:00,12.529
2025-01-21 23:15:00,12.529
2025-01-21 23:30:00,12.529
2025-01-21 23:45:00,12.529
2025-01-22 00:00:00,12.8
2025-01-22 00:15:00,12.8
2025-01-22 00:30:00,12.8
2025-01-22 00:45:00,12.8
2025-01-22 01:00:00,12.506
2025-01-22 01:15:00,12.506
2025-01-22 01:30:00,12.506
2025-01-22 01:45:00,12.506
2025-01-22 02:00:00,12.222
2025-01-22 02:15:00,12.222
2025-01-22 02:30:00,12.222
2025-01-22 02:45:00,12.222
2025-01-22 03:00:00,12.166
2025-01-22 03:15:00,12.166
2025-01-22 03:30:00,12.166
2025-01-22 03:45:00,12.166
2025-01-22 04:00:00,12.316
2025-01-22 04:15:00,12.316
2025-01-22 04:30:00,12.316
2025-01-22 04:45:00,12.316
2025-01-22 05:00:00,12.832
2025-01-22 05:15:00,12.832
2025-01-22 05:30:00,12.832
2025-01-22 05:45:00,12.832
2025-01-22 06:00:00,15.692
2025-01-22 06:15:00,15.692
2025-01-22 06:30:00,15.692
2025-01-22 06:45:00,15.692
2025-01-22 07:00:00,20.825
2025-01-22 07:15:00,20.825
2025-01-22 07:30:00,20.825
2025-01-22 07:45:00,20.825
2025-01-22 08:00:00,23.86
2025-01-22 08:15:00,23.86
2025-01-22 08:30:00,23.86
2025-01-22 08:45:00,23.86
2025-01-22 09:00:00,19.941
2025-01-22 09:15:00,19.941
2025-01-22 09:30:00,19.941
2025-01-22 09:45:00,19.941
2025-01-22 10:00:00,17.906
2025-01-22 10:15:00,17.906
2025-01-22 10:30:00,17.906
2025-01-22 10:45:00,17.906
2025-01-22 11:00:00,17.294
2025-01-22 11:15:00,17.294
2025-01-22 11:30:00,17.294
2025-01-22 11:45:00,17.294
2025-01-22 12:00:00,16.5
2025-01-22 12:15:00,16.5
2025-01-22 12:30:00,16.5
2025-01-22 12:45:00,16.5
2025-01-22 13:00:00,17.0
2025-01-22 13:15:00,17.0
2025-01-22 13:30:00,17.0
2025-01-22 13:45:00,17.0
2025-01-22 14:00:00,17.992
2025-01-22 14:15:00,17.992
2025-01-22 14:30:00,17.992
2025-01-22 14:45:00,17.992
2025-01-22 15:00:00,19.567
2025-01-22 15:15:00,19.567
2025-01-22 15:30:00,19.567
2025-01-22 15:45:00,19.567
2025-01-22 16:00:00,19.904
2025-01-22 16:15:00,19.904
2025-01-22 16:30:00,19.904
2025-01-22 16:45:00,19.904
2025-01-22 17:00:00,20.899
2025-01-22 17:15:00,20.899
2025-01-22 17:30:00,20.899
2025-01-22 17:45:00,20.899
2025-01-22 18:00:00,18.043
2025-01-22 18:15:00,18.043
2025-01-22 18:30:00,18.043
2025-01-22 18:45:00,18.043
2025-01-22 19:00:00,16.708
2025-01-22 19:15:00,16.708
2025-01-22 19:30:00,16.708
2025-01-22 19:45:00,16.708
2025-01-22 20:00:00,13.449
2025-01-22 20:15:00,13.449
2025-01-22 20:30:00,13.449
2025-01-22 20:45:00,13.449
2025-01-22 21:00:00,12.778
2025-01-22 21:15:00,12.778
2025-01-22 21:30:00,12.778
2025-01-22 21:45:00,12.778
2025-01-22 22:00:00,12.809
2025-01-22 22:15:00,12.809
2025-01-22 22:30:00,12.809
2025-01-22 22:45:00,12.809
2025-01-22 23:00:00,11.468
2025-01-22 23:15:00,11.468
2025-01-22 23:30:00,11.468
2025-01-22 23:45:00,11.468
2025-01-23 00:00:00,11.37
2025-01-23 00:15:00,11.37
2025-01-23 00:30:00,11.37
2025-01-23 00:45:00,11.37
2025-01-23 01:00:00,10.888
2025-01-23 01:15:00,10.888
2025-01-23 01:30:00,10.888
2025-01-23 01:45:00,10.888
2025-01-23 02:00:00,10.558
2025-01-23 02:15:00,10.558
2025-01-23 02:30:00,10.558
2025-01-23 02:45:00,10.558
2025-01-23 03:00:00,10.001
2025-01-23 03:15:00,10.001
2025-01-23 03:30:00,10.001
2025-01-23 03:45:00,10.001
2025-01-23 04:00:00,9.759
2025-01-23 04:15:00,9.759
2025-01-23 04:30:00,9.759
2025-01-23 04:45:00,9.759
2025-01-23 05:00:00,10.001
2025-01-23 05:15:00,10.001
2025-01-23 05:30:00,10.001
2025-01-23 05:45:00,10.001
2025-01-23 06:00:00,10.641
2025-01-23 06:15:00,10.641
2025-01-23 06:30:00,10.641
2025-01-23 06:45:00,10.641
2025-01-23 07:00:00,13.66
2025-01-23 07:15:00,13.66
2025-01-23 07:30:00,13.66
2025-01-23 07:45:00,13.66
2025-01-23 08:00:00,15.903
2025-01-23 08:15:00,15.903
2025-01-23 08:30:00,15.903
2025-01-23 08:45:00,15.903
2025-01-23 09:00:00,15.542
2025-01-23 09:15:00,15.542
2025-01-23 09:30:00,15.542
2025-01-23 09:45:00,15.542
2025-01-23 10:00:00,13.094
2025-01-23 10:15:00,13.094
2025-01-23 10:30:00,13.094
2025-01-23 10:45:00,13.094
2025-01-23 11:00:00,11.61
2025-01-23 11:15:00,11.61
2025-01-23 11:30:00,11.61
2025-01-23 11:45:00,11.61
2025-01-23 12:00:00,9.493
2025-01-23 12:15:00,9.493
2025-01-23 12:30:00,9.493
2025-01-23 12:45:00,9.493
2025-01-23 13:00:00,8.856
2025-01-23 13:15:00,8.856
2025-01-23 13:30:00,8.856
2025-01-23 13:45:00,8.856
2025-01-23 14:00:00,8.586
2025-01-23 14:15:00,8.586
2025-01-23 14:30:00,8.586
2025-01-23 14:45:00,8.586
2025-01-23 15:00:00,8.98
2025-01-23 15:15:00,8.98
2025-01-23 15:30:00,8.98
2025-01-23 15:45:00,8.98
2025-01-23 16:00:00,8.987
2025-01-23 16:15:00,8.987
2025-01-23 16:30:00,8.987
2025-01-23 16:45:00,8.987
2025-01-23 17:00:00,10.675
2025-01-23 17:15:00,10.675
2025-01-23 17:30:00,10.675
2025-01-23 17:45:00,10.675
2025-01-23 18:00:00,11.2
2025-01-23 18:15:00,11.2
2025-01-23 18:30:00,11.2
2025-01-23 18:45:00,11.2
2025-01-23 19:00:00,10.187
2025-01-23 19:15:00,10.187
2025-01-23 19:30:00,10.187
2025-01-23 19:45:00,10.187
2025-01-23 20:00:00,8.636
2025-01-23 20:15:00,8.636
2025-01-23 20:30:00,8.636
2025-01-23 20:45:00,8.636
2025-01-23 21:00:00,7.428
2025-01-23 21:15:00,7.428
2025-01-23 21:30:00,7.428
2025-01-23 21:45:00,7.428
2025-01-23 22:00:00,7.568
2025-01-23 22:15:00,7.568
2025-01-23 22:30:00,7.568
2025-01-23 22:45:00,7.568
2025-01-23 23:00:00,5.823
2025-01-23 23:15:00,5.823
2025-01-23 23:30:00,5.823
2025-01-23 23:45:00,5.823
2025-01-24 00:00:00,6.903
2025-01-24 00:15:00,6.903
2025-01-24 00:30:00,6.903
2025-01-24 00:45:00,6.903
2025-01-24 01:00:00,5.816
2025-01-24 01:15:00,5.816
2025-01-24 01:30:00,5.816
2025-01-24 01:45:00,5.816
2025-01-24 02:00:00,4.505
2025-01-24 02:15:00,4.505
2025-01-24 02:30:00,4.505
2025-01-24 02:45:00,4.505
2025-01-24 03:00:00,4.06
2025-01-24 03:15:00,4.06
2025-01-24 03:30:00,4.06
2025-01-24 03:45:00,4.06
2025-01-24 04:00:00,5.017
2025-01-24 04:15:00,5.017
2025-01-24 04:30:00,5.017
2025-01-24 04:45:00,5.017
2025-01-24 05:00:00,7.32
2025-01-24 05:15:00,7.32
2025-01-24 05:30:00,7.32
2025-01-24 05:45:00,7.32
2025-01-24 06:00:00,8.544
2025-01-24 06:15:00,8.544
2025-01-24 06:30:00,8.544
2025-01-24 06:45:00,8.544
2025-01-24 07:00:00,10.916
2025-01-24 07:15:00,10.916
2025-01-24 07:30:00,10.916
2025-01-24 07:45:00,10.916
2025-01-24 08:00:00,11.623
2025-01-24 08:15:00,11.623
2025-01-24 08:30:00,11.623
2025-01-24 08:45:00,11.623
2025-01-24 09:00:00,9.634
2025-01-24 09:15:00,9.634
2025-01-24 09:30:00,9.634
2025-01-24 09:45:00,9.634
2025-01-24 10:00:00,8.89
2025-01-24 10:15:00,8.89
2025-01-24 10:30:00,8.89
2025-01-24 10:45:00,8.89
2025-01-24 11:00:00,7.844
2025-01-24 11:15:00,7.844
2025-01-24 11:30:00,7.844
2025-01-24 11:45:00,7.844
2025-01-24 12:00:00,7.648
2025-01-24 12:15:00,7.648
2025-01-24 12:30:00,7.648
2025-01-24 12:45:00,7.648
2025-01-24 13:00:00,7.469
2025-01-24 13:15:00,7.469
2025-01-24 13:30:00,7.469
2025-01-24 13:45:00,7.469
2025-01-24 14:00:00,7.451
2025-01-24 14:15:00,7.451
2025-01-24 14:30:00,7.451
2025-01-24 14:45:00,7.451
2025-01-24 15:00:00,7.451
2025-01-24 15:15:00,7.451
2025-01-24 15:30:00,7.451
2025-01-24 15:45:00,7.451
2025-01-24 16:00:00,7.525
2025-01-24 16:15:00,7.525
2025-01-24 16:30:00,7.525
2025-01-24 16:45:00,7.525
2025-01-24 17:00:00,8.302
2025-01-24 17:15:00,8.302
2025-01-24 17:30:00,8.302
2025-01-24 17:45:00,8.302
2025-01-24 18:00:00,8.859
2025-01-24 18:15:00,8.859
2025-01-24 18:30:00,8.859
2025-01-24 18:45:00,8.859
2025-01-24 19:00:00,9.178
2025-01-24 19:15:00,9.178
2025-01-24 19:30:00,9.178
2025-01-24 19:45:00,9.178
2025-01-24 20:00:00,8.499
2025-01-24 20:15:00,8.499
2025-01-24 20:30:00,8.499
2025-01-24 20:45:00,8.499
2025-01-24 21:00:00,8.079
2025-01-24 21:15:00,8.079
2025-01-24 21:30:00,8.079
2025-01-24 21:45:00,8.079
2025-01-24 22:00:00,9.197
2025-01-24 22:15:00,9.197
2025-01-24 22:30:00,9.197
2025-01-24 22:45:00,9.197
2025-01-24 23:00:00,8.629
2025-01-24 23:15:00,8.629
2025-01-24 23:30:00,8.629
2025-01-24 23:45:00,8.629
2025-01-25 00:00:00,5.904
2025-01-25 00:15:00,5.904
2025-01-25 00:30:00,5.904
2025-01-25 00:45:00,5.904
2025-01-25 01:00:00,6.496
2025-01-25 01:15:00,6.496
2025-01-25 01:30:00,6.496
2025-01-25 01:45:00,6.496
2025-01-25 02:00:00,6.355
2025-01-25 02:15:00,6.355
2025-01-25 02:30:00,6.355
2025-01-25 02:45:00,6.355
2025-01-25 03:00:00,6.717
2025-01-25 03:15:00,6.717
2025-01-25 03:30:00,6.717
2025-01-25 03:45:00,6.717
2025-01-25 04:00:00,7.677
2025-01-25 04:15:00,7.677
2025-01-25 04:30:00,7.677
2025-01-25 04:45:00,7.677
2025-01-25 05:00:00,7.689
2025-01-25 05:15:00,7.689
2025-01-25 05:30:00,7.689
2025-01-25 05:45:00,7.689
2025-01-25 06:00:00,7.932
2025-01-25 06:15:00,7.932
2025-01-25 06:30:00,7.932
2025-01-25 06:45:00,7.932
2025-01-25 07:00:00,7.689
2025-01-25 07:15:00,7.689
2025-01-25 07:30:00,7.689
2025-01-25 07:45:00,7.689
2025-01-25 08:00:00,8.899
2025-01-25 08:15:00,8.899
2025-01-25 08:30:00,8.899
2025-01-25 08:45:00,8.899
2025-01-25 09:00:00,8.731
2025-01-25 09:15:00,8.731
2025-01-25 09:30:00,8.731
2025-01-25 09:45:00,8.731
2025-01-25 10:00:00,8.632
2025-01-25 10:15:00,8.632
2025-01-25 10:30:00,8.632
2025-01-25 10:45:00,8.632
2025-01-25 11:00:00,8.815
2025-01-25 11:15:00,8.815
2025-01-25 11:30:00,8.815
2025-01-25 11:45:00,8.815
2025-01-25 12:00:00,8.255
2025-01-25 12:15:00,8.255
2025-01-25 12:30:00,8.255
2025-01-25 12:45:00,8.255
2025-01-25 13:00:00,8.198
2025-01-25 13:15:00,8.198
2025-01-25 13:30:00,8.198
2025-01-25 13:45:00,8.198
2025-01-25 14:00:00,8.9
2025-01-25 14:15:00,8.9
2025-01-25 14:30:00,8.9
2025-01-25 14:45:00,8.9
2025-01-25 15:00:00,11.107
2025-01-25 15:15:00,11.107
2025-01-25 15:30:00,11.107
2025-01-25 15:45:00,11.107
2025-01-25 16:00:00,13.297
2025-01-25 16:15:00,13.297
2025-01-25 16:30:00,13.297
2025-01-25 16:45:00,13.297
2025-01-25 17:00:00,14.585
2025-01-25 17:15:00,14.585
2025-01-25 17:30:00,14.585
2025-01-25 17:45:00,14.585
2025-01-25 18:00:00,15.1
2025-01-25 18:15:00,15.1
2025-01-25 18:30:00,15.1
2025-01-25 18:45:00,15.1
2025-01-25 19:00:00,14.753
2025-01-25 19:15:00,14.753
2025-01-25 19:30:00,14.753
2025-01-25 19:45:00,14.753
2025-01-25 20:00:00,13.76
2025-01-25 20:15:00,13.76
2025-01-25 20:30:00,13.76
2025-01-25 20:45:00,13.76
2025-01-25 21:00:00,13.461
2025-01-25 21:15:00,13.461
2025-01-25 21:30:00,13.461
2025-01-25 21:45:00,13.461
2025-01-25 22:00:00,13.226
2025-01-25 22:15:00,13.226
2025-01-25 22:30:00,13.226
2025-01-25 22:45:00,13.226
2025-01-25 23:00:00,12.203
2025-01-25 23:15:00,12.203
2025-01-25 23:30:00,12.203
2025-01-25 23:45:00,12.203
2025-01-26 00:00:00,12.621
2025-01-26 00:15:00,12.621
2025-01-26 00:30:00,12.621
2025-01-26 00:45:00,12.621
2025-01-26 01:00:00,11.579
2025-01-26 01:15:00,11.579
2025-01-26 01:30:00,11.579
2025-01-26 01:45:00,11.579
2025-01-26 02:00:00,11.13
2025-01-26 02:15:00,11.13
2025-01-26 02:30:00,11.13
2025-01-26 02:45:00,11.13
2025-01-26 03:00:00,10.685
2025-01-26 03:15:00,10.685
2025-01-26 03:30:00,10.685
2025-01-26 03:45:00,10.685
2025-01-26 04:00:00,10.543
2025-01-26 04:15:00,10.543
2025-01-26 04:30:00,10.543
2025-01-26 04:45:00,10.543
2025-01-26 05:00:00,10.786
2025-01-26 05:15:00,10.786
2025-01-26 05:30:00,10.786
2025-01-26 05:45:00,10.786
2025-01-26 06:00:00,11.06
2025-01-26 06:15:00,11.06
2025-01-26 06:30:00,11.06
2025-01-26 06:45:00,11.06
2025-01-26 07:00:00,11.762
2025-01-26 07:15:00,11.762
2025-01-26 07:30:00,11.762
2025-01-26 07:45:00,11.762
2025-01-26 08:00:00,12.417
2025-01-26 08:15:00,12.417
2025-01-26 08:30:00,12.417
2025-01-26 08:45:00,12.417
2025-01-26 09:00:00,12.197
2025-01-26 09:15:00,12.197
2025-01-26 09:30:00,12.197
2025-01-26 09:45:00,12.197
2025-01-26 10:00:00,10.551
2025-01-26 10:15:00,10.551
2025-01-26 10:30:00,10.551
2025-01-26 10:45:00,10.551
2025-01-26 11:00:00,10.257
2025-01-26 11:15:00,10.257
2025-01-26 11:30:00,10.257
2025-01-26 11:45:00,10.257
2025-01-26 12:00:00,9.673
2025-01-26 12:15:00,9.673
2025-01-26 12:30:00,9.673
2025-01-26 12:45:00,9.673
2025-01-26 13:00:00,9.002
2025-01-26 13:15:00,9.002
2025-01-26 13:30:00,9.002
2025-01-26 13:45:00,9.002
2025-01-26 14:00:00,9.252
2025-01-26 14:15:00,9.252
2025-01-26 14:30:00,9.252
2025-01-26 14:45:00,9.252
2025-01-26 15:00:00,11.163
2025-01-26 15:15:00,11.163
2025-01-26 15:30:00,11.163
2025-01-26 15:45:00,11.163
2025-01-26 16:00:00,12.592
2025-01-26 16:15:00,12.592
2025-01-26 16:30:00,12.592
2025-01-26 16:45:00,12.592
2025-01-26 17:00:00,13.277
2025-01-26 17:15:00,13.277
2025-01-26 17:30:00,13.277
2025-01-26 17:45:00,13.277
2025-01-26 18:00:00,11.894
2025-01-26 18:15:00,11.894
2025-01-26 18:30:00,11.894
2025-01-26 18:45:00,11.894
2025-01-26 19:00:00,9.032
2025-01-26 19:15:00,9.032
2025-01-26 19:30:00,9.032
2025-01-26 19:45:00,9.032
2025-01-26 20:00:00,7.893
2025-01-26 20:15:00,7.893
2025-01-26 20:30:00,7.893
2025-01-26 20:45:00,7.893
2025-01-26 21:00:00,6.826
2025-01-26 21:15:00,6.826
2025-01-26 21:30:00,6.826
2025-01-26 21:45:00,6.826
2025-01-26 22:00:00,4.925
2025-01-26 22:15:00,4.925
2025-01-26 22:30:00,4.925
2025-01-26 22:45:00,4.925
2025-01-26 23:00:00,2.389
2025-01-26 23:15:00,2.389
2025-01-26 23:30:00,2.389
2025-01-26 23:45:00,2.389
2025-01-27 00:00:00,4.014
2025-01-27 00:15:00,4.014
2025-01-27 00:30:00,4.014
2025-01-27 00:45:00,4.014
2025-01-27 01:00:00,3.526
2025-01-27 01:15:00,3.526
2025-01-27 01:30:00,3.526
2025-01-27 01:45:00,3.526
2025-01-27 02:00:00,2.638
2025-01-27 02:15:00,2.638
2025-01-27 02:30:00,2.638
2025-01-27 02:45:00,2.638
2025-01-27 03:00:00,1.407
2025-01-27 03:15:00,1.407
2025-01-27 03:30:00,1.407
2025-01-27 03:45:00,1.407
2025-01-27 04:00:00,1.01
2025-01-27 04:15:00,1.01
2025-01-27 04:30:00,1.01
2025-01-27 04:45:00,1.01
2025-01-27 05:00:00,2.152
2025-01-27 05:15:00,2.152
2025-01-27 05:30:00,2.152
2025-01-27 05:45:00,2.152
2025-01-27 06:00:00,3.41
2025-01-27 06:15:00,3.41
2025-01-27 06:30:00,3.41
2025-01-27 06:45:00,3.41
2025-01-27 07:00:00,5.699
2025-01-27 07:15:00,5.699
2025-01-27 07:30:00,5.699
2025-01-27 07:45:00,5.699
2025-01-27 08:00:00,7.176
2025-01-27 08:15:00,7.176
2025-01-27 08:30:00,7.176
2025-01-27 08:45:00,7.176
2025-01-27 09:00:00,6.296
2025-01-27 09:15:00,6.296
2025-01-27 09:30:00,6.296
2025-01-27 09:45:00,6.296
2025-01-27 10:00:00,4.557
2025-01-27 10:15:00,4.557
2025-01-27 10:30:00,4.557
2025-01-27 10:45:00,4.557
2025-01-27 11:00:00,4.011
2025-01-27 11:15:00,4.011
2025-01-27 11:30:00,4.011
2025-01-27 11:45:00,4.011
2025-01-27 12:00:00,3.566
2025-01-27 12:15:00,3.566
2025-01-27 12:30:00,3.566
2025-01-27 12:45:00,3.566
2025-01-27 13:00:00,3.837
2025-01-27 13:15:00,3.837
2025-01-27 13:30:00,3.837
2025-01-27 13:45:00,3.837
2025-01-27 14:00:00,5.395
2025-01-27 14:15:00,5.395
2025-01-27 14:30:00,5.395
2025-01-27 14:45:00,5.395
2025-01-27 15:00:00,8.679
2025-01-27 15:15:00,8.679
2025-01-27 15:30:00,8.679
2025-01-27 15:45:00,8.679
2025-01-27 16:00:00,10.246
2025-01-27 16:15:00,10.246
2025-01-27 16:30:00,10.246
2025-01-27 16:45:00,10.246
2025-01-27 17:00:00,11.856
2025-01-27 17:15:00,11.856
2025-01-27 17:30:00,11.856
2025-01-27 17:45:00,11.856
2025-01-27 18:00:00,11.867
2025-01-27 18:15:00,11.867
2025-01-27 18:30:00,11.867
2025-01-27 18:45:00,11.867
2025-01-27 19:00:00,10.005
2025-01-27 19:15:00,10.005
2025-01-27 19:30:00,10.005
2025-01-27 19:45:00,10.005
2025-01-27 20:00:00,9.407
2025-01-27 20:15:00,9.407
2025-01-27 20:30:00,9.407
2025-01-27 20:45:00,9.407
2025-01-27 21:00:00,8.508
2025-01-27 21:15:00,8.508
2025-01-27 21:30:00,8.508
2025-01-27 21:45:00,8.508
2025-01-27 22:00:00,8.226
2025-01-27 22:15:00,8.226
2025-01-27 22:30:00,8.226
2025-01-27 22:45:00,8.226
2025-01-27 23:00:00,6.928
2025-01-27 23:15:00,6.928
2025-01-27 23:30:00,6.928
2025-01-27 23:45:00,6.928
2025-01-28 00:00:00,7.692
2025-01-28 00:15:00,7.692
2025-01-28 00:30:00,7.692
2025-01-28 00:45:00,7.692
2025-01-28 01:00:00,7.153
2025-01-28 01:15:00,7.153
2025-01-28 01:30:00,7.153
2025-01-28 01:45:00,7.153
2025-01-28 02:00:00,5.733
2025-01-28 02:15:00,5.733
2025-01-28 02:30:00,5.733
2025-01-28 02:45:00,5.733
2025-01-28 03:00:00,6.928
2025-01-28 03:15:00,6.928
2025-01-28 03:30:00,6.928
2025-01-28 03:45:00,6.928
2025-01-28 04:00:00,7.692
2025-01-28 04:15:00,7.692
2025-01-28 04:30:00,7.692
2025-01-28 04:45:00,7.692
2025-01-28 05:00:00,7.759
2025-01-28 05:15:00,7.759
2025-01-28 05:30:00,7.759
2025-01-28 05:45:00,7.759
2025-01-28 06:00:00,9.822
2025-01-28 06:15:00,9.822
2025-01-28 06:30:00,9.822
2025-01-28 06:45:00,9.822
2025-01-28 07:00:00,12.545
2025-01-28 07:15:00,12.545
2025-01-28 07:30:00,12.545
2025-01-28 07:45:00,12.545
2025-01-28 08:00:00,14.75
2025-01-28 08:15:00,14.75
2025-01-28 08:30:00,14.75
2025-01-28 08:45:00,14.75
2025-01-28 09:00:00,13.53
2025-01-28 09:15:00,13.53
2025-01-28 09:30:00,13.53
2025-01-28 09:45:00,13.53
2025-01-28 10:00:00,12.053
2025-01-28 10:15:00,12.053
2025-01-28 10:30:00,12.053
2025-01-28 10:45:00,12.053
2025-01-28 11:00:00,11.634
2025-01-28 11:15:00,11.634
2025-01-28 11:30:00,11.634
2025-01-28 11:45:00,11.634
2025-01-28 12:00:00,11.475
2025-01-28 12:15:00,11.475
2025-01-28 12:30:00,11.475
2025-01-28 12:45:00,11.475
2025-01-28 13:00:00,11.739
2025-01-28 13:15:00,11.739
2025-01-28 13:30:00,11.739
2025-01-28 13:45:00,11.739
2025-01-28 14:00:00,12.133
2025-01-28 14:15:00,12.133
2025-01-28 14:30:00,12.133
2025-01-28 14:45:00,12.133
2025-01-28 15:00:00,13.991
2025-01-28 15:15:00,13.991
2025-01-28 15:30:00,13.991
2025-01-28 15:45:00,13.991
2025-01-28 16:00:00,14.7
2025-01-28 16:15:00,14.7
2025-01-28 16:30:00,14.7
2025-01-28 16:45:00,14.7
2025-01-28 17:00:00,14.96
2025-01-28 17:15:00,14.96
2025-01-28 17:30:00,14.96
2025-01-28 17:45:00,14.96
2025-01-28 18:00:00,13.494
2025-01-28 18:15:00,13.494
2025-01-28 18:30:00,13.494
2025-01-28 18:45:00,13.494
2025-01-28 19:00:00,12.89
2025-01-28 19:15:00,12.89
2025-01-28 19:30:00,12.89
2025-01-28 19:45:00,12.89
2025-01-28 20:00:00,9.476
2025-01-28 20:15:00,9.476
2025-01-28 20:30:00,9.476
2025-01-28 20:45:00,9.476
2025-01-28 21:00:00,8.726
2025-01-28 21:15:00,8.726
2025-01-28 21:30:00,8.726
2025-01-28 21:45:00,8.726
2025-01-28 22:00:00,7.98
2025-01-28 22:15:00,7.98
2025-01-28 22:30:00,7.98
2025-01-28 22:45:00,7.98
2025-01-28 23:00:00,6.443
2025-01-28 23:15:00,6.443
2025-01-28 23:30:00,6.443
2025-01-28 23:45:00,6.443
2025-01-29 00:00:00,8.772
2025-01-29 00:15:00,8.772
2025-01-29 00:30:00,8.772
2025-01-29 00:45:00,8.772
2025-01-29 01:00:00,8.339
2025-01-29 01:15:00,8.339
2025-01-29 01:30:00,8.339
2025-01-29 01:45:00,8.339
2025-01-29 02:00:00,7.816
2025-01-29 02:15:00,7.816
2025-01-29 02:30:00,7.816
2025-01-29 02:45:00,7.816
2025-01-29 03:00:00,7.564
2025-01-29 03:15:00,7.564
2025-01-29 03:30:00,7.564
2025-01-29 03:45:00,7.564
2025-01-29 04:00:00,7.901
2025-01-29 04:15:00,7.901
2025-01-29 04:30:00,7.901
2025-01-29 04:45:00,7.901
2025-01-29 05:00:00,8.698
2025-01-29 05:15:00,8.698
2025-01-29 05:30:00,8.698
2025-01-29 05:45:00,8.698
2025-01-29 06:00:00,9.314
2025-01-29 06:15:00,9.314
2025-01-29 06:30:00,9.314
2025-01-29 06:45:00,9.314
2025-01-29 07:00:00,14.142
2025-01-29 07:15:00,14.142
2025-01-29 07:30:00,14.142
2025-01-29 07:45:00,14.142
2025-01-29 08:00:00,14.254
2025-01-29 08:15:00,14.254
2025-01-29 08:30:00,14.254
2025-01-29 08:45:00,14.254
2025-01-29 09:00:00,13.045
2025-01-29 09:15:00,13.045
2025-01-29 09:30:00,13.045
2025-01-29 09:45:00,13.045
2025-01-29 10:00:00,10.505
2025-01-29 10:15:00,10.505
2025-01-29 10:30:00,10.505
2025-01-29 10:45:00,10.505
2025-01-29 11:00:00,8.925
2025-01-29 11:15:00,8.925
2025-01-29 11:30:00,8.925
2025-01-29 11:45:00,8.925
2025-01-29 12:00:00,8.5
2025-01-29 12:15:00,8.5
2025-01-29 12:30:00,8.5
2025-01-29 12:45:00,8.5
2025-01-29 13:00:00,8.553
2025-01-29 13:15:00,8.553
2025-01-29 13:30:00,8.553
2025-01-29 13:45:00,8.553
2025-01-29 14:00:00,8.767
2025-01-29 14:15:00,8.767
2025-01-29 14:30:00,8.767
2025-01-29 14:45:00,8.767
2025-01-29 15:00:00,10.275
2025-01-29 15:15:00,10.275
2025-01-29 15:30:00,10.275
2025-01-29 15:45:00,10.275
2025-01-29 16:00:00,13.266
2025-01-29 16:15:00,13.266
2025-01-29 16:30:00,13.266
2025-01-29 16:45:00,13.266
2025-01-29 17:00:00,14.957
2025-01-29 17:15:00,14.957
2025-01-29 17:30:00,14.957
2025-01-29 17:45:00,14.957
2025-01-29 18:00:00,15.009
2025-01-29 18:15:00,15.009
2025-01-29 18:30:00,15.009
2025-01-29 18:45:00,15.009
2025-01-29 19:00:00,14.63
2025-01-29 19:15:00,14.63
2025-01-29 19:30:00,14.63
2025-01-29 19:45:00,14.63
2025-01-29 20:00:00,13.195
2025-01-29 20:15:00,13.195
2025-01-29 20:30:00,13.195
2025-01-29 20:45:00,13.195
2025-01-29 21:00:00,11.965
2025-01-29 21:15:00,11.965
2025-01-29 21:30:00,11.965
2025-01-29 21:45:00,11.965
2025-01-29 22:00:00,11.199
2025-01-29 22:15:00,11.199
2025-01-29 22:30:00,11.199
2025-01-29 22:45:00,11.199
2025-01-29 23:00:00,9.933
2025-01-29 23:15:00,9.933
2025-01-29 23:30:00,9.933
2025-01-29 23:45:00,9.933
2025-01-30 00:00:00,9.241
2025-01-30 00:15:00,9.241
2025-01-30 00:30:00,9.241
2025-01-30 00:45:00,9.241
2025-01-30 01:00:00,9.243
2025-01-30 01:15:00,9.243
2025-01-30 01:30:00,9.243
2025-01-30 01:45:00,9.243
2025-01-30 02:00:00,9.333
2025-01-30 02:15:00,9.333
2025-01-30 02:30:00,9.333
2025-01-30 02:45:00,9.333
2025-01-30 03:00:00,9.295
2025-01-30 03:15:00,9.295
2025-01-30 03:30:00,9.295
2025-01-30 03:45:00,9.295
2025-01-30 04:00:00,9.243
2025-01-30 04:15:00,9.243
2025-01-30 04:30:00,9.243
2025-01-30 04:45:00,9.243
2025-01-30 05:00:00,10.865
2025-01-30 05:15:00,10.865
2025-01-30 05:30:00,10.865
2025-01-30 05:45:00,10.865
2025-01-30 06:00:00,13.983
2025-01-30 06:15:00,13.983
2025-01-30 06:30:00,13.983
2025-01-30 06:45:00,13.983
2025-01-30 07:00:00,15.264
2025-01-30 07:15:00,15.264
2025-01-30 07:30:00,15.264
2025-01-30 07:45:00,15.264
2025-01-30 08:00:00,16.03
2025-01-30 08:15:00,16.03
2025-01-30 08:30:00,16.03
2025-01-30 08:45:00,16.03
2025-01-30 09:00:00,15.151
2025-01-30 09:15:00,15.151
2025-01-30 09:30:00,15.151
2025-01-30 09:45:00,15.151
2025-01-30 10:00:00,13.509
2025-01-30 10:15:00,13.509
2025-01-30 10:30:00,13.509
2025-01-30 10:45:00,13.509
2025-01-30 11:00:00,12.325
2025-01-30 11:15:00,12.325
2025-01-30 11:30:00,12.325
2025-01-30 11:45:00,12.325
2025-01-30 12:00:00,11.589
2025-01-30 12:15:00,11.589
2025-01-30 12:30:00,11.589
2025-01-30 12:45:00,11.589
2025-01-30 13:00:00,11.33
2025-01-30 13:15:00,11.33
2025-01-30 13:30:00,11.33
2025-01-30 13:45:00,11.33
2025-01-30 14:00:00,12.941
2025-01-30 14:15:00,12.941
2025-01-30 14:30:00,12.941
2025-01-30 14:45:00,12.941
2025-01-30 15:00:00,15.322
2025-01-30 15:15:00,15.322
2025-01-30 15:30:00,15.322
2025-01-30 15:45:00,15.322
2025-01-30 16:00:00,16.087
2025-01-30 16:15:00,16.087
2025-01-30 16:30:00,16.087
2025-01-30 16:45:00,16.087
2025-01-30 17:00:00,18.036
2025-01-30 17:15:00,18.036
2025-01-30 17:30:00,18.036
2025-01-30 17:45:00,18.036
2025-01-30 18:00:00,17.658
2025-01-30 18:15:00,17.658
2025-01-30 18:30:00,17.658
2025-01-30 18:45:00,17.658
2025-01-30 19:00:00,16.128
2025-01-30 19:15:00,16.128
2025-01-30 19:30:00,16.128
2025-01-30 19:45:00,16.128
2025-01-30 20:00:00,15.02
2025-01-30 20:15:00,15.02
2025-01-30 20:30:00,15.02
2025-01-30 20:45:00,15.02
2025-01-30 21:00:00,13.417
2025-01-30 21:15:00,13.417
2025-01-30 21:30:00,13.417
2025-01-30 21:45:00,13.417
2025-01-30 22:00:00,12.646
2025-01-30 22:15:00,12.646
2025-01-30 22:30:00,12.646
2025-01-30 22:45:00,12.646
2025-01-30 23:00:00,12.02
2025-01-30 23:15:00,12.02
2025-01-30 23:30:00,12.02
2025-01-30 23:45:00,12.02
2025-01-31 00:00:00,12.0
2025-01-31 00:15:00,12.0
2025-01-31 00:30:00,12.0
2025-01-31 00:45:00,12.0
2025-01-31 01:00:00,11.708
2025-01-31 01:15:00,11.708
2025-01-31 01:30:00,11.708
2025-01-31 01:45:00,11.708
2025-01-31 02:00:00,11.389
2025-01-31 02:15:00,11.389
2025-01-31 02:30:00,11.389
2025-01-31 02:45:00,11.389
2025-01-31 03:00:00,11.312
2025-01-31 03:15:00,11.312
2025-01-31 03:30:00,11.312
2025-01-31 03:45:00,11.312
2025-01-31 04:00:00,11.598
2025-01-31 04:15:00,11.598
2025-01-31 04:30:00,11.598
2025-01-31 04:45:00,11.598
2025-01-31 05:00:00,12.074
2025-01-31 05:15:00,12.074
2025-01-31 05:30:00,12.074
2025-01-31 05:45:00,12.074
2025-01-31 06:00:00,13.187
2025-01-31 06:15:00,13.187
2025-01-31 06:30:00,13.187
2025-01-31 06:45:00,13.187
2025-01-31 07:00:00,15.797
2025-01-31 07:15:00,15.797
2025-01-31 07:30:00,15.797
2025-01-31 07:45:00,15.797
2025-01-31 08:00:00,16.37
2025-01-31 08:15:00,16.37
2025-01-31 08:30:00,16.37
2025-01-31 08:45:00,16.37
2025-01-31 09:00:00,15.482
2025-01-31 09:15:00,15.482
2025-01-31 09:30:00,15.482
2025-01-31 09:45:00,15.482
2025-01-31 10:00:00,13.01
2025-01-31 10:15:00,13.01
2025-01-31 10:30:00,13.01
2025-01-31 10:45:00,13.01
2025-01-31 11:00:00,12.62
2025-01-31 11:15:00,12.62
2025-01-31 11:30:00,12.62
2025-01-31 11:45:00,12.62
2025-01-31 12:00:00,12.006
2025-01-31 12:15:00,12.006
2025-01-31 12:30:00,12.006
2025-01-31 12:45:00,12.006
2025-01-31 13:00:00,12.119
2025-01-31 13:15:00,12.119
2025-01-31 13:30:00,12.119
2025-01-31 13:45:00,12.119
2025-01-31 14:00:00,11.976
2025-01-31 14:15:00,11.976
2025-01-31 14:30:00,11.976
2025-01-31 14:45:00,11.976
2025-01-31 15:00:00,14.987
2025-01-31 15:15:00,14.987
2025-01-31 15:30:00,14.987
2025-01-31 15:45:00,14.987
2025-01-31 16:00:00,16.826
2025-01-31 16:15:00,16.826
2025-01-31 16:30:00,16.826
2025-01-31 16:45:00,16.826
2025-01-31 17:00:00,18.526
2025-01-31 17:15:00,18.526
2025-01-31 17:30:00,18.526
2025-01-31 17:45:00,18.526
2025-01-31 18:00:00,18.448
2025-01-31 18:15:00,18.448
2025-01-31 18:30:00,18.448
2025-01-31 18:45:00,18.448
2025-01-31 19:00:00,17.899
2025-01-31 19:15:00,17.899
2025-01-31 19:30:00,17.899
2025-01-31 19:45:00,17.899
2025-01-31 20:00:00,16.266
2025-01-31 20:15:00,16.266
2025-01-31 20:30:00,16.266
2025-01-31 20:45:00,16.266
2025-01-31 21:00:00,15.27
2025-01-31 21:15:00,15.27
2025-01-31 21:30:00,15.27
2025-01-31 21:45:00,15.27
2025-01-31 22:00:00,14.431
2025-01-31 22:15:00,14.431
2025-01-31 22:30:00,14.431
2025-01-31 22:45:00,14.431
2025-01-31 23:00:00,13.141
